actor_pseudo_id,event_hour,day_of_week,month,quarter,is_weekend,is_business_hours,is_night_login,ip_country,continent,ip_version,login_type,login_challenge_method,new_ip,distinct_ips_7d,distinct_ips_30d,is_new_country,is_new_region,is_new_city,distinct_countries_cumulative,distinct_regions_cumulative,distinct_cities_cumulative,country_changed,continent_changed,countries_seen_30d,regions_seen_30d,cities_seen_30d,logins_24h,logins_7d,logins_30d,avg_logins_per_day,hours_since_last_login,days_since_first_login,abnormal_login_hour,abnormal_weekday,impossible_travel,travel_distance_km,travel_speed_kmh,multiple_country_logins_24h,distinct_users_per_network_24h,geo_jump,risk_score,risk_level,label
U000140,18.0,3.0,1.0,1.0,0,1,0,Angola,Africa,4.0,reauth,password,0,1.0,1.0,0,0,0,1,1,1,0,0,1.0,1.0,1.0,2,8,10,0.56,10.32,17.0,1,0,0,0.0,0.0,0,59.0,0,90.77,high,0
U032803,12.0,4.0,5.0,2.0,0,1,0,Brazil,Americas,4.0,reauth,password,1,1.0,1.0,1,1,1,1,1,1,1,1,1.0,1.0,1.0,1,1,1,1.0,0.0,0.0,0,0,0,0.0,0.0,0,1.0,2,38.03,medium,0
U029667,15.0,0.0,1.0,1.0,0,1,0,Brazil,Americas,4.0,google_password,password,1,1.0,1.0,1,1,1,1,1,1,1,1,1.0,1.0,1.0,1,1,1,1.0,0.0,0.0,0,0,0,0.0,0.0,0,1.0,2,38.03,medium,0
U000160,9.0,4.0,1.0,1.0,0,1,0,Angola,Africa,4.0,reauth,password,0,1.0,1.0,0,0,0,1,1,1,0,0,1.0,1.0,1.0,2,7,11,0.58,20.14,18.0,0,0,0,0.0,0.0,0,50.0,0,51.5,medium,0
U000052,20.0,5.0,5.0,2.0,1,0,0,Angola,Africa,6.0,google_password,password,1,4.0,11.0,0,0,0,2,2,3,0,0,1.0,1.0,2.0,1,7,16,0.53,34.87,143.0,0,1,0,6763.24,193.96,0,1.0,0,-39.97,low,0
U006834,9.0,5.0,5.0,2.0,1,1,0,Angola,Africa,4.0,google_password,password,1,1.0,1.0,1,1,1,1,1,1,1,1,1.0,1.0,1.0,1,1,1,1.0,0.0,0.0,0,1,0,0.0,0.0,0,1.0,2,38.03,medium,0
U005166,13.0,0.0,1.0,1.0,0,1,0,Angola,Africa,4.0,google_password,none,1,1.0,1.0,1,1,1,1,1,1,1,1,1.0,1.0,1.0,1,1,1,1.0,0.0,0.0,0,0,0,0.0,0.0,0,1.0,2,38.03,medium,0
U019159,17.0,1.0,2.0,1.0,0,1,0,Brazil,Americas,4.0,reauth,none,1,1.0,1.0,1,1,1,1,1,1,1,1,1.0,1.0,1.0,1,1,1,1.0,0.0,0.0,0,0,0,0.0,0.0,0,1.0,2,38.03,medium,0
U033054,11.0,2.0,1.0,1.0,0,1,0,Brazil,Americas,4.0,google_password,password,1,1.0,1.0,1,1,1,1,1,1,1,1,1.0,1.0,1.0,1,1,1,1.0,0.0,0.0,0,0,0,0.0,0.0,0,1.0,2,38.03,medium,0
U000714,18.0,0.0,4.0,2.0,0,1,0,Angola,Africa,4.0,reauth,none,1,2.0,3.0,0,0,0,1,1,1,0,0,1.0,1.0,1.0,1,2,3,0.11,118.84,26.0,0,0,0,0.0,0.0,0,2.0,0,-38.94,low,0
U000156,9.0,0.0,1.0,1.0,0,1,0,Angola,Africa,4.0,google_password,password,0,1.0,1.0,0,0,0,1,1,1,0,0,1.0,1.0,1.0,1,2,18,0.86,161.84,20.0,0,0,0,0.0,0.0,0,35.0,0,36.05,low,0
U030591,9.0,1.0,6.0,2.0,0,1,0,Brazil,Americas,6.0,google_password,password,1,1.0,1.0,1,1,1,1,1,1,1,1,1.0,1.0,1.0,1,1,1,1.0,0.0,0.0,0,0,0,0.0,0.0,0,1.0,2,38.03,medium,0
U000287,20.0,2.0,5.0,2.0,0,0,0,Angola,Africa,4.0,exchange,none,1,1.0,1.0,0,0,0,2,2,4,0,0,1.0,1.0,1.0,1,1,1,0.03,721.85,157.0,0,0,0,0.0,0.0,0,1.0,0,-39.97,low,0
U000186,16.0,0.0,12.0,4.0,0,1,0,Angola,Africa,4.0,google_password,password,1,2.0,2.0,0,0,0,1,1,1,0,0,1.0,1.0,1.0,2,2,2,2.0,1.75,0.0,1,0,0,0.0,0.0,0,1.0,0,-9.97,low,0
U033809,9.0,5.0,4.0,2.0,1,1,0,Brazil,Americas,4.0,reauth,none,1,1.0,1.0,1,1,1,1,1,1,1,1,1.0,1.0,1.0,1,1,1,1.0,0.0,0.0,0,1,0,0.0,0.0,0,1.0,2,38.03,medium,0
U000715,13.0,2.0,4.0,2.0,0,1,0,Angola,Africa,4.0,google_password,password,1,1.0,7.0,0,0,0,1,1,1,0,0,1.0,1.0,1.0,1,1,10,0.33,210.62,47.0,0,0,0,0.0,0.0,0,1.0,0,-39.97,low,0
U000021,9.0,3.0,4.0,2.0,0,1,0,Angola,Africa,4.0,exchange,none,1,4.0,10.0,0,0,0,1,1,1,0,0,1.0,1.0,1.0,1,4,10,0.33,42.64,100.0,0,0,0,0.0,0.0,0,1.0,0,-39.97,low,0
U000069,7.0,1.0,12.0,4.0,0,0,0,Angola,Africa,4.0,reauth,password,0,1.0,1.0,0,0,0,1,1,1,0,0,1.0,1.0,1.0,2,3,7,0.78,16.56,8.0,0,0,0,0.0,0.0,0,40.0,0,41.2,medium,0
U007361,6.0,1.0,1.0,1.0,0,0,1,Angola,Africa,6.0,google_password,password,1,1.0,1.0,1,1,1,1,1,1,1,1,1.0,1.0,1.0,1,1,1,1.0,0.0,0.0,0,0,0,0.0,0.0,0,1.0,2,38.03,medium,0
U000483,10.0,1.0,5.0,2.0,0,1,0,Angola,Africa,4.0,reauth,password,0,1.0,1.0,0,0,0,1,1,1,0,0,1.0,1.0,1.0,1,2,13,0.43,26.6,127.0,0,0,0,0.0,0.0,0,53.0,0,54.59,medium,0
U036093,4.0,2.0,6.0,2.0,0,0,1,Brazil,Americas,4.0,google_password,password,1,1.0,1.0,1,1,1,1,1,1,1,1,1.0,1.0,1.0,1,1,1,1.0,0.0,0.0,0,0,0,0.0,0.0,0,1.0,2,38.03,medium,0
U014945,12.0,3.0,1.0,1.0,0,1,0,Brazil,Americas,4.0,reauth,password,1,1.0,1.0,1,1,1,1,1,1,1,1,1.0,1.0,1.0,1,1,1,1.0,0.0,0.0,0,0,0,0.0,0.0,0,1.0,2,38.03,medium,0
U025379,15.0,3.0,1.0,1.0,0,1,0,Brazil,Americas,4.0,reauth,password,1,1.0,1.0,1,1,1,1,1,1,1,1,1.0,1.0,1.0,1,1,1,1.0,0.0,0.0,0,0,0,0.0,0.0,0,1.0,2,38.03,medium,0
U000497,19.0,2.0,1.0,1.0,0,0,0,Angola,Africa,4.0,google_password,password,0,2.0,2.0,0,0,0,1,1,1,0,0,1.0,1.0,1.0,3,5,5,1.25,0.15,3.0,0,0,0,0.0,0.0,0,1.0,0,1.03,low,0
U011530,10.0,2.0,1.0,1.0,0,1,0,Angola,Africa,4.0,google_password,password,1,1.0,1.0,1,1,1,1,1,1,1,1,1.0,1.0,1.0,1,1,1,1.0,0.0,0.0,0,0,0,0.0,0.0,0,2.0,2,39.06,medium,0
U019851,14.0,0.0,1.0,1.0,0,1,0,Brazil,Americas,4.0,exchange,password,1,1.0,1.0,1,1,1,1,1,1,1,1,1.0,1.0,1.0,1,1,1,1.0,0.0,0.0,0,0,0,0.0,0.0,0,1.0,2,38.03,medium,0
U000088,14.0,5.0,1.0,1.0,1,1,0,Angola,Africa,4.0,exchange,none,1,11.0,40.0,0,0,0,1,1,4,0,0,1.0,1.0,2.0,1,13,46,1.53,43.02,38.0,0,1,0,0.0,0.0,0,1.0,0,-39.97,low,0
U000318,11.0,4.0,6.0,2.0,0,1,0,Angola,Africa,4.0,google_password,password,0,2.0,5.0,0,0,0,3,3,6,0,0,2.0,2.0,2.0,1,2,16,0.53,163.9,185.0,0,0,0,0.0,0.0,1,13.0,0,-14.61,low,0
U034368,11.0,6.0,6.0,2.0,1,1,0,Brazil,Americas,4.0,reauth,password,1,1.0,1.0,1,1,1,1,1,1,1,1,1.0,1.0,1.0,1,1,1,1.0,0.0,0.0,0,1,0,0.0,0.0,0,1.0,2,38.03,medium,0
U000549,12.0,1.0,4.0,2.0,0,1,0,Angola,Africa,4.0,reauth,password,0,2.0,3.0,0,0,0,1,1,2,0,0,1.0,1.0,2.0,7,11,44,1.47,1.22,98.0,0,0,0,0.0,0.0,0,64.0,0,65.92,high,0
U000138,14.0,4.0,4.0,2.0,0,1,0,Angola,Africa,4.0,reauth,password,0,1.0,1.0,0,0,0,1,1,1,0,0,1.0,1.0,1.0,3,27,61,2.03,3.97,123.0,1,0,0,0.0,0.0,0,64.0,0,95.92,high,1
U016570,14.0,5.0,5.0,2.0,1,1,0,Brazil,Americas,4.0,reauth,none,1,1.0,1.0,1,1,1,1,1,1,1,1,1.0,1.0,1.0,1,1,1,1.0,0.0,0.0,0,1,0,0.0,0.0,0,1.0,2,38.03,medium,0
U000148,19.0,1.0,6.0,2.0,0,0,0,France,Europe,4.0,exchange,none,1,2.0,14.0,0,0,0,8,8,12,1,1,4.0,4.0,5.0,1,2,14,0.47,60.2,154.0,0,0,0,0.0,0.0,1,1.0,2,10.03,low,0
U000058,5.0,2.0,4.0,2.0,0,0,1,Angola,Africa,6.0,exchange,none,1,6.0,25.0,0,0,0,1,1,1,0,0,1.0,1.0,1.0,1,6,26,0.87,37.48,99.0,0,0,0,0.0,0.0,0,1.0,0,-39.97,low,0
U000068,11.0,0.0,1.0,1.0,0,1,0,Angola,Africa,4.0,reauth,password,0,1.0,2.0,0,0,0,1,1,1,0,0,1.0,1.0,1.0,13,38,82,5.47,1.11,14.0,0,0,0,0.0,0.0,0,51.0,0,52.53,medium,0
U000085,1.0,5.0,5.0,2.0,1,0,1,Angola,Africa,4.0,exchange,none,1,3.0,13.0,0,0,0,2,2,4,0,0,1.0,1.0,2.0,1,3,17,0.57,30.73,129.0,1,1,0,0.0,0.0,0,1.0,0,-9.97,low,0
U000241,23.0,4.0,8.0,3.0,0,0,1,Angola,Africa,4.0,exchange,none,0,6.0,19.0,0,0,0,4,4,5,0,0,1.0,1.0,1.0,3,16,32,1.07,0.0,230.0,0,0,0,0.0,0.0,0,1.0,0,1.03,low,0
U005144,9.0,0.0,3.0,1.0,0,1,0,Angola,Africa,4.0,google_password,password,1,1.0,1.0,1,1,1,1,1,1,1,1,1.0,1.0,1.0,1,1,1,1.0,0.0,0.0,0,0,0,0.0,0.0,0,1.0,2,38.03,medium,0
U005886,10.0,6.0,4.0,2.0,1,1,0,Angola,Africa,6.0,google_password,none,1,1.0,1.0,1,1,1,1,1,1,1,1,1.0,1.0,1.0,1,1,1,1.0,0.0,0.0,0,1,0,0.0,0.0,0,1.0,2,38.03,medium,0
U007244,19.0,2.0,4.0,2.0,0,0,0,Angola,Africa,4.0,google_password,authenticator_app,1,1.0,1.0,1,1,1,1,1,1,1,1,1.0,1.0,1.0,1,1,1,1.0,0.0,0.0,0,0,0,0.0,0.0,0,1.0,2,38.03,medium,0
U009510,2.0,6.0,2.0,1.0,1,0,1,Angola,Africa,6.0,federated_login,authenticator_app,1,1.0,1.0,1,1,1,1,1,1,1,1,1.0,1.0,1.0,1,1,1,1.0,0.0,0.0,0,1,0,0.0,0.0,0,1.0,2,38.03,medium,1
U002246,18.0,2.0,4.0,2.0,0,1,0,Angola,Africa,4.0,reauth,authenticator_app,1,1.0,1.0,1,1,1,1,1,1,1,1,1.0,1.0,1.0,1,1,1,1.0,0.0,0.0,0,0,0,0.0,0.0,0,1.0,2,38.03,medium,0
U000046,14.0,1.0,1.0,1.0,0,1,0,Angola,Africa,4.0,reauth,password,0,3.0,3.0,0,0,0,1,1,1,0,0,1.0,1.0,1.0,3,27,186,6.2,2.01,38.0,0,0,0,0.0,0.0,0,64.0,0,65.92,high,0
U002621,10.0,1.0,2.0,1.0,0,1,0,Angola,Africa,4.0,session_refresh,none,1,1.0,1.0,1,1,1,1,1,1,1,1,1.0,1.0,1.0,1,1,1,1.0,0.0,0.0,0,0,0,0.0,0.0,0,1.0,2,38.03,medium,0
U000055,11.0,2.0,1.0,1.0,0,1,0,Angola,Africa,4.0,reauth,password,0,2.0,3.0,0,0,0,1,1,1,0,0,1.0,1.0,1.0,2,11,34,1.13,3.81,37.0,0,0,0,0.0,0.0,0,55.0,0,56.65,medium,0
U008020,10.0,2.0,1.0,1.0,0,1,0,Angola,Africa,4.0,reauth,none,1,1.0,1.0,1,1,1,1,1,1,1,1,1.0,1.0,1.0,1,1,1,1.0,0.0,0.0,0,0,0,0.0,0.0,0,1.0,2,38.03,medium,0
U028928,12.0,1.0,6.0,2.0,0,1,0,Brazil,Americas,4.0,google_password,none,1,1.0,1.0,1,1,1,1,1,1,1,1,1.0,1.0,1.0,1,1,1,1.0,0.0,0.0,0,0,0,0.0,0.0,0,1.0,2,38.03,medium,0
U000691,22.0,6.0,4.0,2.0,1,0,1,Angola,Africa,6.0,reauth,password,0,10.0,21.0,0,0,0,2,2,2,1,1,2.0,2.0,2.0,6,15,31,1.03,0.36,38.0,0,1,1,15680.57,43557.14,1,1.0,2,51.03,medium,0
U014756,12.0,6.0,4.0,2.0,1,1,0,Brazil,Americas,4.0,reauth,password,1,1.0,1.0,1,1,1,1,1,1,1,1,1.0,1.0,1.0,1,1,1,1.0,0.0,0.0,0,1,0,0.0,0.0,0,1.0,2,38.03,medium,0
U000010,20.0,0.0,3.0,1.0,0,0,0,Angola,Africa,6.0,google_password,password,1,7.0,22.0,0,0,0,1,1,1,0,0,1.0,1.0,1.0,4,13,41,1.37,11.68,86.0,0,0,0,0.0,0.0,0,1.0,0,-39.97,low,0
U000146,11.0,2.0,6.0,2.0,0,1,0,Angola,Africa,4.0,google_password,password,0,2.0,5.0,0,0,0,1,1,2,0,0,1.0,1.0,2.0,1,3,14,0.47,137.46,184.0,0,0,0,0.0,0.0,0,1.0,0,1.03,low,0
U017219,12.0,3.0,4.0,2.0,0,1,0,Brazil,Americas,4.0,google_password,none,1,1.0,1.0,1,1,1,1,1,1,1,1,1.0,1.0,1.0,1,1,1,1.0,0.0,0.0,0,0,0,0.0,0.0,0,1.0,2,38.03,medium,0
U000407,13.0,2.0,3.0,1.0,0,1,0,Angola,Africa,4.0,reauth,none,0,1.0,1.0,0,0,0,1,1,1,0,0,1.0,1.0,1.0,4,29,73,2.43,2.83,61.0,0,0,0,0.0,0.0,0,50.0,0,51.5,medium,0
U024013,7.0,1.0,3.0,1.0,0,0,0,Brazil,Americas,4.0,exchange,none,1,1.0,1.0,1,1,1,1,1,1,1,1,1.0,1.0,1.0,1,1,1,1.0,0.0,0.0,0,0,0,0.0,0.0,0,1.0,2,38.03,medium,0
U031462,1.0,4.0,1.0,1.0,0,0,1,Brazil,Americas,4.0,exchange,password,1,1.0,1.0,1,1,1,1,1,1,1,1,1.0,1.0,1.0,1,1,1,1.0,0.0,0.0,0,0,0,0.0,0.0,0,1.0,2,38.03,medium,0
U000067,7.0,3.0,5.0,2.0,0,0,0,Angola,Africa,4.0,reauth,password,0,1.0,2.0,0,0,0,1,1,1,0,0,1.0,1.0,1.0,3,24,44,1.47,20.07,157.0,0,0,0,0.0,0.0,0,59.0,0,60.77,high,0
U006516,8.0,2.0,1.0,1.0,0,1,0,Angola,Africa,4.0,federated_login,two_step_verification,1,1.0,1.0,1,1,1,1,1,1,1,1,1.0,1.0,1.0,1,1,1,1.0,0.0,0.0,0,0,0,0.0,0.0,0,1.0,2,38.03,medium,0
U000449,13.0,1.0,4.0,2.0,0,1,0,Angola,Africa,4.0,google_password,password,0,1.0,1.0,0,0,0,1,1,1,0,0,1.0,1.0,1.0,1,1,11,0.37,335.26,91.0,0,0,0,0.0,0.0,0,71.0,0,73.13,high,0
U000107,18.0,2.0,1.0,1.0,0,1,0,Angola,Africa,4.0,exchange,none,1,5.0,21.0,0,0,0,1,1,1,0,0,1.0,1.0,1.0,1,5,21,0.7,25.07,32.0,0,0,0,0.0,0.0,0,1.0,0,-39.97,low,0
U000191,8.0,0.0,5.0,2.0,0,1,0,Angola,Africa,4.0,reauth,password,0,1.0,1.0,0,0,0,1,1,1,0,0,1.0,1.0,1.0,1,6,6,0.2,66.95,147.0,0,0,0,0.0,0.0,0,17.0,0,17.51,low,1
U000104,18.0,1.0,4.0,2.0,0,1,0,Angola,Africa,6.0,exchange,none,1,8.0,16.0,0,0,0,1,1,1,0,0,1.0,1.0,1.0,1,13,24,0.8,24.86,108.0,0,0,0,0.0,0.0,0,1.0,0,-39.97,low,0
U000252,16.0,4.0,12.0,4.0,0,1,0,Angola,Africa,4.0,google_password,password,1,1.0,1.0,1,1,1,1,1,1,1,1,1.0,1.0,1.0,1,1,1,1.0,0.0,0.0,0,0,0,0.0,0.0,0,1.0,2,38.03,medium,0
U000068,11.0,4.0,2.0,1.0,0,1,0,Angola,Africa,4.0,reauth,password,0,2.0,2.0,0,0,0,1,1,1,0,0,1.0,1.0,1.0,34,95,434,14.47,0.0,67.0,0,0,0,0.0,0.0,0,29.0,0,29.87,low,0
U000614,18.0,3.0,4.0,2.0,0,1,0,Angola,Africa,6.0,reauth,none,0,3.0,3.0,0,0,0,1,1,1,0,0,1.0,1.0,1.0,3,5,5,2.5,0.1,1.0,0,0,0,0.0,0.0,0,1.0,0,1.03,low,0
U031914,10.0,6.0,4.0,2.0,1,1,0,Brazil,Americas,4.0,reauth,none,1,1.0,1.0,1,1,1,1,1,1,1,1,1.0,1.0,1.0,1,1,1,1.0,0.0,0.0,0,1,0,0.0,0.0,0,1.0,2,38.03,medium,0
U000232,12.0,2.0,1.0,1.0,0,1,0,Angola,Africa,4.0,google_password,password,1,1.0,3.0,0,0,0,2,2,2,1,1,2.0,2.0,2.0,1,1,3,0.27,255.68,10.0,0,0,0,13164.42,51.49,1,1.0,2,10.03,low,0
U033171,11.0,2.0,5.0,2.0,0,1,0,Brazil,Americas,4.0,exchange,none,1,1.0,1.0,1,1,1,1,1,1,1,1,1.0,1.0,1.0,1,1,1,1.0,0.0,0.0,0,0,0,0.0,0.0,0,1.0,2,38.03,medium,0
U000528,11.0,1.0,8.0,3.0,0,1,0,Angola,Africa,4.0,google_password,device_prompt,0,1.0,1.0,0,0,0,1,1,1,0,0,1.0,1.0,1.0,2,2,2,0.07,0.08,216.0,0,0,0,0.0,0.0,0,1.0,0,1.03,low,0
U000148,12.0,5.0,7.0,3.0,1,1,0,Angola,Africa,4.0,exchange,none,1,5.0,18.0,0,0,0,8,8,12,0,0,1.0,1.0,1.0,1,5,18,0.6,25.66,207.0,0,1,0,0.0,0.0,0,1.0,0,-39.97,low,0
U007930,18.0,0.0,2.0,1.0,0,1,0,Angola,Africa,4.0,session_refresh,none,1,1.0,1.0,1,1,1,1,1,1,1,1,1.0,1.0,1.0,1,1,1,1.0,0.0,0.0,0,0,0,0.0,0.0,0,1.0,2,38.03,medium,0
U000127,6.0,1.0,5.0,2.0,0,0,1,Angola,Africa,6.0,reauth,none,1,3.0,9.0,0,0,0,1,1,1,0,0,1.0,1.0,1.0,2,9,20,0.67,16.63,132.0,0,0,0,0.0,0.0,0,1.0,0,-39.97,low,0
U004952,4.0,0.0,1.0,1.0,0,0,1,Angola,Africa,4.0,reauth,none,1,1.0,1.0,1,1,1,1,1,1,1,1,1.0,1.0,1.0,1,1,1,1.0,0.0,0.0,0,0,0,0.0,0.0,0,1.0,2,38.03,medium,0
U000316,13.0,2.0,1.0,1.0,0,1,0,Angola,Africa,6.0,google_password,password,1,1.0,2.0,0,0,0,1,1,1,0,0,1.0,1.0,1.0,1,1,2,0.12,380.88,15.0,1,0,0,0.0,0.0,0,1.0,0,-9.97,low,0
U000130,12.0,3.0,1.0,1.0,0,1,0,Angola,Africa,4.0,reauth,password,0,1.0,1.0,0,0,0,1,1,1,0,0,1.0,1.0,1.0,6,12,29,1.61,2.81,17.0,0,0,0,0.0,0.0,0,58.0,0,59.74,high,0
U019845,20.0,6.0,1.0,1.0,1,0,0,Brazil,Americas,4.0,reauth,password,1,1.0,1.0,1,1,1,1,1,1,1,1,1.0,1.0,1.0,1,1,1,1.0,0.0,0.0,0,1,0,0.0,0.0,0,1.0,2,38.03,medium,0
U000272,23.0,1.0,2.0,1.0,0,0,1,Angola,Africa,4.0,exchange,none,1,3.0,9.0,0,0,0,1,1,1,0,0,1.0,1.0,1.0,1,3,9,0.3,31.74,52.0,1,0,0,0.0,0.0,0,1.0,0,-9.97,low,0
U000068,12.0,1.0,5.0,2.0,0,1,0,Angola,Africa,4.0,reauth,password,0,1.0,3.0,0,0,0,1,1,1,0,0,1.0,1.0,1.0,24,34,151,5.03,0.0,141.0,0,0,0,0.0,0.0,0,56.0,0,57.68,medium,0
U000019,11.0,1.0,2.0,1.0,0,1,0,Angola,Africa,4.0,exchange,none,1,10.0,29.0,0,0,0,1,1,1,0,0,1.0,1.0,1.0,2,10,30,1.0,17.39,51.0,0,0,0,0.0,0.0,0,1.0,0,-39.97,low,0
U000373,23.0,1.0,1.0,1.0,0,0,1,Brazil,America,6.0,exchange,none,1,2.0,3.0,0,0,0,1,1,1,0,0,1.0,1.0,1.0,1,2,4,0.44,76.77,8.0,1,0,0,0.0,0.0,0,1.0,0,-9.97,low,0
U020830,5.0,1.0,4.0,2.0,0,0,1,Brazil,Americas,6.0,reauth,password,1,1.0,1.0,1,1,1,1,1,1,1,1,1.0,1.0,1.0,1,1,1,1.0,0.0,0.0,0,0,0,0.0,0.0,0,1.0,2,38.03,medium,1
U016505,17.0,4.0,1.0,1.0,0,1,0,Chile,Americas,4.0,reauth,password|idv_preregistered_phone,1,1.0,1.0,1,1,1,1,1,1,1,1,1.0,1.0,1.0,1,1,1,1.0,0.0,0.0,0,0,0,0.0,0.0,0,1.0,2,38.03,medium,1
U030947,16.0,3.0,6.0,2.0,0,1,0,Brazil,Americas,4.0,reauth,password,1,1.0,1.0,1,1,1,1,1,1,1,1,1.0,1.0,1.0,1,1,1,1.0,0.0,0.0,0,0,0,0.0,0.0,0,1.0,2,38.03,medium,0
U000691,21.0,2.0,4.0,2.0,0,0,0,Angola,Africa,6.0,reauth,none,0,4.0,8.0,0,0,0,1,1,1,0,0,1.0,1.0,1.0,3,7,11,0.52,0.01,20.0,0,0,0,0.0,0.0,0,1.0,0,1.03,low,0
U032429,20.0,1.0,6.0,2.0,0,0,0,Brazil,Americas,4.0,google_password,password,1,1.0,1.0,1,1,1,1,1,1,1,1,1.0,1.0,1.0,1,1,1,1.0,0.0,0.0,0,0,0,0.0,0.0,0,1.0,2,38.03,medium,0
U000012,4.0,4.0,4.0,2.0,0,0,1,Angola,Africa,4.0,exchange,none,1,2.0,11.0,0,0,0,1,1,4,0,0,1.0,1.0,1.0,1,2,11,0.37,47.6,117.0,0,0,0,0.0,0.0,0,1.0,0,-39.97,low,0
U000069,10.0,1.0,1.0,1.0,0,1,0,Angola,Africa,4.0,reauth,password,0,1.0,1.0,0,0,0,1,1,1,0,0,1.0,1.0,1.0,4,14,28,1.22,0.43,22.0,0,0,0,0.0,0.0,0,65.0,0,66.95,high,0
U034242,2.0,0.0,2.0,1.0,0,0,1,Brazil,Americas,6.0,reauth,password,1,1.0,1.0,1,1,1,1,1,1,1,1,1.0,1.0,1.0,1,1,1,1.0,0.0,0.0,0,0,0,0.0,0.0,0,1.0,2,38.03,medium,0
U002106,15.0,2.0,1.0,1.0,0,1,0,Angola,Africa,4.0,reauth,authenticator_app,1,1.0,1.0,1,1,1,1,1,1,1,1,1.0,1.0,1.0,1,1,1,1.0,0.0,0.0,0,0,0,0.0,0.0,0,1.0,2,38.03,medium,0
U011070,16.0,4.0,2.0,1.0,0,1,0,Angola,Africa,4.0,google_password,two_step_verification,1,1.0,1.0,1,1,1,1,1,1,1,1,1.0,1.0,1.0,1,1,1,1.0,0.0,0.0,0,0,0,0.0,0.0,0,1.0,2,38.03,medium,0
U000176,16.0,2.0,1.0,1.0,0,1,0,Angola,Africa,4.0,reauth,password,1,1.0,2.0,0,0,0,1,1,1,0,0,1.0,1.0,1.0,1,1,3,0.1,715.61,29.0,1,0,0,0.0,0.0,0,60.0,0,50.8,medium,0
U027093,14.0,0.0,5.0,2.0,0,1,0,Brazil,Americas,4.0,exchange,password,1,1.0,1.0,1,1,1,1,1,1,1,1,1.0,1.0,1.0,1,1,1,1.0,0.0,0.0,0,0,0,0.0,0.0,0,1.0,2,38.03,medium,0
U000025,15.0,1.0,6.0,2.0,0,1,0,Angola,Africa,4.0,exchange,none,1,4.0,19.0,0,0,0,1,1,5,0,0,1.0,1.0,2.0,1,4,19,0.63,63.25,185.0,0,0,0,0.0,0.0,0,1.0,0,-39.97,low,0
U000636,12.0,4.0,2.0,1.0,0,1,0,Angola,Africa,4.0,reauth,password,0,1.0,1.0,0,0,0,1,1,1,0,0,1.0,1.0,1.0,6,21,55,1.83,3.21,29.0,0,0,0,0.0,0.0,0,67.0,0,69.01,high,0
U000755,14.0,2.0,7.0,3.0,0,1,0,Angola,Africa,6.0,google_password,password,1,2.0,7.0,0,0,0,1,1,1,0,0,1.0,1.0,1.0,1,3,10,0.33,149.83,91.0,0,0,0,0.0,0.0,0,1.0,0,-39.97,low,0
U000115,6.0,3.0,4.0,2.0,0,0,1,Angola,Africa,4.0,exchange,none,1,6.0,18.0,0,0,0,1,1,1,0,0,1.0,1.0,1.0,4,18,38,1.27,19.84,115.0,0,0,0,0.0,0.0,0,1.0,0,-39.97,low,0
U000070,7.0,1.0,5.0,2.0,0,0,0,Angola,Africa,4.0,reauth,password,0,1.0,2.0,0,0,0,1,1,1,0,0,1.0,1.0,1.0,9,11,59,1.97,0.32,141.0,0,0,0,0.0,0.0,0,49.0,0,50.47,medium,0
U000069,7.0,4.0,4.0,2.0,0,0,0,Angola,Africa,4.0,reauth,password,0,1.0,1.0,0,0,0,1,1,1,0,0,1.0,1.0,1.0,1,7,25,0.83,45.73,116.0,0,0,0,0.0,0.0,0,58.0,0,59.74,high,0
U000068,9.0,0.0,1.0,1.0,0,1,0,Angola,Africa,4.0,google_password,password|passkey,0,1.0,2.0,0,0,0,1,1,1,0,0,1.0,1.0,1.0,9,138,209,9.5,0.17,21.0,0,0,0,0.0,0.0,0,33.0,0,33.99,low,0
U019912,13.0,1.0,5.0,2.0,0,1,0,Brazil,Americas,4.0,reauth,password,1,1.0,1.0,1,1,1,1,1,1,1,1,1.0,1.0,1.0,1,1,1,1.0,0.0,0.0,0,0,0,0.0,0.0,0,1.0,2,38.03,medium,0
U032121,13.0,2.0,1.0,1.0,0,1,0,Brazil,Americas,4.0,google_password,none,1,1.0,1.0,1,1,1,1,1,1,1,1,1.0,1.0,1.0,1,1,1,1.0,0.0,0.0,0,0,0,0.0,0.0,0,1.0,2,38.03,medium,0
U033676,11.0,6.0,1.0,1.0,1,1,0,Brazil,Americas,4.0,exchange,password,1,1.0,1.0,1,1,1,1,1,1,1,1,1.0,1.0,1.0,1,1,1,1.0,0.0,0.0,0,1,0,0.0,0.0,0,1.0,2,38.03,medium,0
U008807,16.0,0.0,2.0,1.0,0,1,0,Angola,Africa,4.0,session_refresh,password,1,1.0,1.0,1,1,1,1,1,1,1,1,1.0,1.0,1.0,1,1,1,1.0,0.0,0.0,0,0,0,0.0,0.0,0,1.0,2,38.03,medium,0
U005567,15.0,0.0,6.0,2.0,0,1,0,Angola,Africa,4.0,admin_login,two_step_verification,1,1.0,1.0,1,1,1,1,1,1,1,1,1.0,1.0,1.0,1,1,1,1.0,0.0,0.0,0,0,0,0.0,0.0,0,1.0,2,38.03,medium,0
U021003,14.0,3.0,5.0,2.0,0,1,0,Brazil,Americas,4.0,exchange,password,1,1.0,1.0,1,1,1,1,1,1,1,1,1.0,1.0,1.0,1,1,1,1.0,0.0,0.0,0,0,0,0.0,0.0,0,1.0,2,38.03,medium,0
U000935,21.0,5.0,5.0,2.0,1,0,0,Angola,Africa,6.0,google_password,password,1,1.0,2.0,0,0,0,1,1,1,0,0,1.0,1.0,1.0,1,1,2,0.07,367.89,33.0,1,1,0,0.0,0.0,0,1.0,0,-9.97,low,0
U000719,16.0,4.0,4.0,2.0,0,1,0,Angola,Africa,6.0,reauth,none,0,5.0,9.0,0,0,0,1,1,2,0,0,1.0,1.0,2.0,6,10,16,0.53,0.37,43.0,0,0,0,0.0,0.0,0,1.0,0,1.03,low,0
U030680,13.0,5.0,1.0,1.0,1,1,0,Brazil,Americas,4.0,reauth,password,1,1.0,1.0,1,1,1,1,1,1,1,1,1.0,1.0,1.0,1,1,1,1.0,0.0,0.0,0,1,0,0.0,0.0,0,1.0,2,38.03,medium,0
U011191,14.0,4.0,5.0,2.0,0,1,0,Angola,Africa,4.0,reauth,password,1,1.0,1.0,1,1,1,1,1,1,1,1,1.0,1.0,1.0,1,1,1,1.0,0.0,0.0,0,0,0,0.0,0.0,0,1.0,2,38.03,medium,0
U002508,12.0,3.0,1.0,1.0,0,1,0,Angola,Africa,6.0,session_refresh,password,1,1.0,1.0,1,1,1,1,1,1,1,1,1.0,1.0,1.0,1,1,1,1.0,0.0,0.0,0,0,0,0.0,0.0,0,1.0,2,38.03,medium,0
U002780,14.0,2.0,4.0,2.0,0,1,0,Portugal,Europe,4.0,google_password,none,1,1.0,1.0,1,1,1,1,1,1,1,1,1.0,1.0,1.0,1,1,1,1.0,0.0,0.0,0,0,0,0.0,0.0,0,1.0,2,38.03,medium,0
U000026,17.0,4.0,5.0,2.0,0,1,0,Angola,Africa,4.0,exchange,none,1,5.0,20.0,0,0,0,1,1,2,0,0,1.0,1.0,2.0,1,5,22,0.73,34.49,152.0,0,0,0,0.0,0.0,0,1.0,0,-39.97,low,0
U016297,2.0,5.0,4.0,2.0,1,0,1,Colombia,Americas,4.0,reauth,password|device_prompt,1,1.0,1.0,1,1,1,1,1,1,1,1,1.0,1.0,1.0,1,1,1,1.0,0.0,0.0,0,1,0,0.0,0.0,0,1.0,2,38.03,medium,1
U001796,7.0,2.0,5.0,2.0,0,0,0,Angola,Africa,4.0,reauth,none,1,1.0,1.0,1,1,1,1,1,1,1,1,1.0,1.0,1.0,1,1,1,1.0,0.0,0.0,0,0,0,0.0,0.0,0,1.0,2,38.03,medium,0
U013352,11.0,0.0,4.0,2.0,0,1,0,Brazil,Americas,4.0,reauth,device_prompt,1,1.0,1.0,1,1,1,1,1,1,1,1,1.0,1.0,1.0,1,1,1,1.0,0.0,0.0,0,0,0,0.0,0.0,0,1.0,2,38.03,medium,0
U000395,13.0,1.0,1.0,1.0,0,1,0,Angola,Africa,6.0,google_password,password,1,1.0,3.0,0,0,0,1,1,1,0,0,1.0,1.0,1.0,1,1,3,0.17,308.93,17.0,1,0,0,0.0,0.0,0,1.0,0,-9.97,low,0
U035266,8.0,0.0,1.0,1.0,0,1,0,Brazil,Americas,4.0,reauth,password,1,1.0,1.0,1,1,1,1,1,1,1,1,1.0,1.0,1.0,1,1,1,1.0,0.0,0.0,0,0,0,0.0,0.0,0,1.0,2,38.03,medium,0
U016961,17.0,6.0,1.0,1.0,1,1,0,Brazil,Americas,4.0,reauth,password,1,1.0,1.0,1,1,1,1,1,1,1,1,1.0,1.0,1.0,1,1,1,1.0,0.0,0.0,0,1,0,0.0,0.0,0,1.0,2,38.03,medium,0
U020785,11.0,3.0,4.0,2.0,0,1,0,Brazil,Americas,4.0,reauth,password,1,1.0,1.0,1,1,1,1,1,1,1,1,1.0,1.0,1.0,1,1,1,1.0,0.0,0.0,0,0,0,0.0,0.0,0,1.0,2,38.03,medium,0
U000373,14.0,5.0,1.0,1.0,1,1,0,Brazil,America,4.0,google_password,password,1,3.0,4.0,0,0,0,1,1,1,0,0,1.0,1.0,1.0,1,3,5,0.42,87.17,11.0,1,1,0,3717.05,42.64,0,1.0,0,-9.97,low,0
U000848,9.0,1.0,7.0,3.0,0,1,0,Portugal,Europe,4.0,google_password,password|idv_preregistered_phone,1,1.0,1.0,1,1,1,2,2,2,1,1,1.0,1.0,1.0,1,1,1,0.03,1338.21,102.0,0,0,0,14476.63,10.82,0,2.0,2,39.06,medium,1
U002245,15.0,1.0,6.0,2.0,0,1,0,Namibia,Africa,4.0,google_password,password,1,1.0,1.0,1,1,1,1,1,1,1,1,1.0,1.0,1.0,1,1,1,1.0,0.0,0.0,0,0,0,0.0,0.0,0,1.0,2,38.03,medium,0
U000802,9.0,2.0,7.0,3.0,0,1,0,Angola,Africa,4.0,exchange,none,0,3.0,6.0,0,0,0,2,1,3,0,0,1.0,1.0,1.0,2,7,11,0.37,0.01,157.0,0,0,0,0.0,0.0,0,1.0,0,1.03,low,0
U000664,9.0,3.0,2.0,1.0,0,1,0,Angola,Africa,6.0,exchange,none,1,2.0,3.0,0,0,0,1,1,1,0,0,1.0,1.0,1.0,1,3,7,0.27,145.52,25.0,0,0,0,0.0,0.0,0,1.0,0,-39.97,low,0
U000273,17.0,6.0,7.0,3.0,1,1,0,Angola,Africa,6.0,google_password,password,1,2.0,3.0,0,0,0,1,1,1,0,0,1.0,1.0,1.0,1,3,4,0.13,71.23,200.0,0,1,0,0.0,0.0,0,1.0,0,-39.97,low,0
U000513,10.0,0.0,2.0,1.0,0,1,0,Angola,Africa,4.0,google_password,password,1,2.0,2.0,0,0,0,1,1,1,0,0,1.0,1.0,1.0,2,2,3,0.1,0.05,46.0,0,0,0,0.0,0.0,0,1.0,0,-39.97,low,0
U024932,17.0,5.0,2.0,1.0,1,1,0,Brazil,Americas,4.0,reauth,password,1,1.0,1.0,1,1,1,1,1,1,1,1,1.0,1.0,1.0,1,1,1,1.0,0.0,0.0,0,1,0,0.0,0.0,0,1.0,2,38.03,medium,0
U035666,11.0,6.0,5.0,2.0,1,1,0,Brazil,Americas,4.0,reauth,password,1,1.0,1.0,1,1,1,1,1,1,1,1,1.0,1.0,1.0,1,1,1,1.0,0.0,0.0,0,1,0,0.0,0.0,0,1.0,2,38.03,medium,0
U032193,13.0,4.0,5.0,2.0,0,1,0,Brazil,Americas,4.0,reauth,password,1,1.0,1.0,1,1,1,1,1,1,1,1,1.0,1.0,1.0,1,1,1,1.0,0.0,0.0,0,0,0,0.0,0.0,0,1.0,2,38.03,medium,0
U009749,15.0,3.0,2.0,1.0,0,1,0,Angola,Africa,4.0,admin_login,none,1,1.0,1.0,1,1,1,1,1,1,1,1,1.0,1.0,1.0,1,1,1,1.0,0.0,0.0,0,0,0,0.0,0.0,0,1.0,2,38.03,medium,0
U000225,9.0,0.0,8.0,3.0,0,1,0,Angola,Africa,6.0,google_password,password|device_prompt,1,4.0,7.0,0,0,0,1,1,2,0,0,1.0,1.0,1.0,1,4,16,0.53,37.91,233.0,0,0,0,0.0,0.0,0,1.0,0,-39.97,low,1
U025126,15.0,5.0,3.0,1.0,1,1,0,Brazil,Americas,4.0,google_password,none,1,1.0,1.0,1,1,1,1,1,1,1,1,1.0,1.0,1.0,1,1,1,1.0,0.0,0.0,0,1,0,0.0,0.0,0,1.0,2,38.03,medium,0
U000086,8.0,2.0,1.0,1.0,0,1,0,Angola,Africa,4.0,reauth,password,0,1.0,5.0,0,0,0,1,1,1,0,0,1.0,1.0,1.0,1,2,11,0.69,144.12,15.0,0,0,0,0.0,0.0,0,62.0,0,63.86,high,0
U001927,16.0,2.0,4.0,2.0,0,1,0,Angola,Africa,4.0,federated_login,password,1,1.0,1.0,1,1,1,1,1,1,1,1,1.0,1.0,1.0,1,1,1,1.0,0.0,0.0,0,0,0,0.0,0.0,0,1.0,2,38.03,medium,0
U020730,12.0,1.0,5.0,2.0,0,1,0,Brazil,Americas,4.0,reauth,password,1,1.0,1.0,1,1,1,1,1,1,1,1,1.0,1.0,1.0,1,1,1,1.0,0.0,0.0,0,0,0,0.0,0.0,0,1.0,2,38.03,medium,0
U007968,6.0,3.0,6.0,2.0,0,0,1,Angola,Africa,4.0,session_refresh,authenticator_app,1,1.0,1.0,1,1,1,1,1,1,1,1,1.0,1.0,1.0,1,1,1,1.0,0.0,0.0,0,0,0,0.0,0.0,0,1.0,2,38.03,medium,0
U022275,10.0,4.0,3.0,1.0,0,1,0,Brazil,Americas,4.0,reauth,password,1,1.0,1.0,1,1,1,1,1,1,1,1,1.0,1.0,1.0,1,1,1,1.0,0.0,0.0,0,0,0,0.0,0.0,0,1.0,2,38.03,medium,0
U018706,15.0,6.0,6.0,2.0,1,1,0,Brazil,Americas,4.0,google_password,password,1,1.0,1.0,1,1,1,1,1,1,1,1,1.0,1.0,1.0,1,1,1,1.0,0.0,0.0,0,1,0,0.0,0.0,0,1.0,2,38.03,medium,0
U000068,10.0,1.0,3.0,1.0,0,1,0,Angola,Africa,4.0,reauth,password,0,1.0,2.0,0,0,0,1,1,1,0,0,1.0,1.0,1.0,18,83,578,19.27,0.0,92.0,0,0,0,0.0,0.0,0,39.0,0,40.17,medium,0
U000553,15.0,6.0,4.0,2.0,1,1,0,United States,America,4.0,reauth,none,0,2.0,4.0,0,0,0,4,4,6,0,0,3.0,3.0,4.0,4,5,30,1.0,0.02,92.0,0,1,0,0.0,0.0,1,1.0,0,-26.97,low,0
U028974,17.0,5.0,5.0,2.0,1,1,0,Brazil,Americas,4.0,reauth,password,1,1.0,1.0,1,1,1,1,1,1,1,1,1.0,1.0,1.0,1,1,1,1.0,0.0,0.0,0,1,0,0.0,0.0,0,1.0,2,38.03,medium,0
U000068,8.0,3.0,3.0,1.0,0,1,0,Angola,Africa,4.0,reauth,password,0,1.0,2.0,0,0,0,1,1,1,0,0,1.0,1.0,1.0,30,207,591,19.7,0.3,80.0,0,0,0,0.0,0.0,0,51.0,0,52.53,medium,0
U018383,11.0,1.0,5.0,2.0,0,1,0,Brazil,Americas,4.0,exchange,password,1,1.0,1.0,1,1,1,1,1,1,1,1,1.0,1.0,1.0,1,1,1,1.0,0.0,0.0,0,0,0,0.0,0.0,0,1.0,2,38.03,medium,0
U016807,6.0,2.0,4.0,2.0,0,0,1,Brazil,Americas,4.0,google_password,password,1,1.0,1.0,1,1,1,1,1,1,1,1,1.0,1.0,1.0,1,1,1,1.0,0.0,0.0,0,0,0,0.0,0.0,0,1.0,2,38.03,medium,0
U000036,15.0,2.0,2.0,1.0,0,1,0,Angola,Africa,4.0,exchange,none,0,5.0,15.0,0,0,0,1,1,2,0,0,1.0,1.0,2.0,2,11,24,0.8,0.0,56.0,0,0,0,0.0,0.0,0,1.0,0,1.03,low,0
U015745,9.0,0.0,2.0,1.0,0,1,0,Brazil,Americas,4.0,google_password,password,1,1.0,1.0,1,1,1,1,1,1,1,1,1.0,1.0,1.0,1,1,1,1.0,0.0,0.0,0,0,0,0.0,0.0,0,1.0,2,38.03,medium,0
U028573,9.0,3.0,5.0,2.0,0,1,0,Brazil,Americas,4.0,reauth,password,1,1.0,1.0,1,1,1,1,1,1,1,1,1.0,1.0,1.0,1,1,1,1.0,0.0,0.0,0,0,0,0.0,0.0,0,1.0,2,38.03,medium,0
U020071,13.0,1.0,4.0,2.0,0,1,0,Brazil,Americas,4.0,exchange,password,1,1.0,1.0,1,1,1,1,1,1,1,1,1.0,1.0,1.0,1,1,1,1.0,0.0,0.0,0,0,0,0.0,0.0,0,1.0,2,38.03,medium,0
U036412,2.0,1.0,1.0,1.0,0,0,1,Colombia,Americas,4.0,exchange,password|device_prompt,1,1.0,1.0,1,1,1,1,1,1,1,1,1.0,1.0,1.0,1,1,1,1.0,0.0,0.0,0,0,0,0.0,0.0,0,1.0,2,38.03,medium,1
U000277,14.0,2.0,12.0,4.0,0,1,0,Angola,Africa,4.0,google_password,password|device_prompt,1,1.0,1.0,1,1,1,1,1,1,1,1,1.0,1.0,1.0,1,1,1,1.0,0.0,0.0,0,0,0,0.0,0.0,0,1.0,2,38.03,medium,0
U000067,12.0,2.0,5.0,2.0,0,1,0,Angola,Africa,4.0,reauth,password,0,1.0,2.0,0,0,0,1,1,1,0,0,1.0,1.0,1.0,6,14,32,1.07,0.28,149.0,0,0,0,0.0,0.0,0,54.0,0,55.62,medium,0
U025110,7.0,3.0,2.0,1.0,0,0,0,Argentina,Americas,4.0,google_password,password|device_prompt,1,1.0,1.0,1,1,1,1,1,1,1,1,1.0,1.0,1.0,1,1,1,1.0,0.0,0.0,0,0,0,0.0,0.0,0,1.0,2,38.03,medium,1
U000036,16.0,1.0,12.0,4.0,0,1,0,Angola,Africa,4.0,exchange,none,0,1.0,1.0,0,0,0,1,1,1,0,0,1.0,1.0,1.0,2,2,2,2.0,0.0,0.0,0,0,0,0.0,0.0,0,1.0,0,1.03,low,0
U034046,3.0,0.0,4.0,2.0,0,0,1,Brazil,Americas,4.0,exchange,password,1,1.0,1.0,1,1,1,1,1,1,1,1,1.0,1.0,1.0,1,1,1,1.0,0.0,0.0,0,0,0,0.0,0.0,0,1.0,2,38.03,medium,0
U000104,16.0,4.0,4.0,2.0,0,1,0,Angola,Africa,6.0,reauth,none,0,8.0,14.0,0,0,0,1,1,1,0,0,1.0,1.0,1.0,4,10,19,0.63,0.37,104.0,0,0,0,0.0,0.0,0,1.0,0,1.03,low,0
U011762,18.0,1.0,2.0,1.0,0,1,0,Brazil,Americas,4.0,reauth,password,1,1.0,1.0,1,1,1,1,1,1,1,1,1.0,1.0,1.0,1,1,1,1.0,0.0,0.0,0,0,0,0.0,0.0,0,1.0,2,38.03,medium,0
U025494,16.0,2.0,2.0,1.0,0,1,0,Brazil,Americas,4.0,reauth,password,1,1.0,1.0,1,1,1,1,1,1,1,1,1.0,1.0,1.0,1,1,1,1.0,0.0,0.0,0,0,0,0.0,0.0,0,1.0,2,38.03,medium,0
U000036,17.0,3.0,5.0,2.0,0,1,0,Angola,Africa,4.0,exchange,none,1,7.0,15.0,0,0,0,3,3,5,0,0,1.0,1.0,1.0,1,8,17,0.57,24.41,149.0,0,0,0,0.0,0.0,0,1.0,0,-39.97,low,0
U000001,15.0,3.0,5.0,2.0,0,1,0,Angola,Africa,4.0,exchange,none,1,4.0,19.0,0,0,0,2,2,4,0,0,1.0,1.0,2.0,1,4,19,0.63,42.55,159.0,0,0,0,0.0,0.0,0,1.0,0,-39.97,low,0
U000752,21.0,4.0,4.0,2.0,0,0,0,Angola,Africa,6.0,google_password,password,1,8.0,14.0,0,0,0,1,1,1,0,0,1.0,1.0,1.0,8,17,26,0.87,3.16,43.0,0,0,0,0.0,0.0,0,1.0,0,-39.97,low,0
U000138,11.0,2.0,5.0,2.0,0,1,0,Angola,Africa,4.0,reauth,password,0,1.0,1.0,0,0,0,1,1,1,0,0,1.0,1.0,1.0,3,14,37,1.23,0.0,156.0,0,0,0,0.0,0.0,0,58.0,0,59.74,high,1
U003891,11.0,3.0,5.0,2.0,0,1,0,Angola,Africa,4.0,google_password,password,1,1.0,1.0,1,1,1,1,1,1,1,1,1.0,1.0,1.0,1,1,1,1.0,0.0,0.0,0,0,0,0.0,0.0,0,1.0,2,38.03,medium,0
U000151,13.0,2.0,1.0,1.0,0,1,0,Angola,Africa,6.0,google_password,password,1,4.0,4.0,0,0,0,1,1,1,0,0,1.0,1.0,1.0,3,11,19,0.79,4.84,23.0,1,0,0,0.0,0.0,0,1.0,0,-9.97,low,0
U000237,15.0,0.0,6.0,2.0,0,1,0,Portugal,Europe,4.0,reauth,none,0,1.0,1.0,0,0,0,3,3,3,0,0,1.0,1.0,1.0,1,1,3,0.1,330.65,176.0,0,0,0,0.0,0.0,0,1.0,0,1.03,low,0
U000269,21.0,4.0,12.0,4.0,0,0,0,Angola,Africa,6.0,exchange,none,1,1.0,1.0,1,1,1,1,1,1,1,1,1.0,1.0,1.0,1,1,1,1.0,0.0,0.0,0,0,0,0.0,0.0,0,1.0,2,38.03,medium,0
U007448,6.0,6.0,3.0,1.0,1,0,1,Angola,Africa,4.0,google_password,authenticator_app,1,1.0,1.0,1,1,1,1,1,1,1,1,1.0,1.0,1.0,1,1,1,1.0,0.0,0.0,0,1,0,0.0,0.0,0,1.0,2,38.03,medium,0
U000923,16.0,6.0,8.0,3.0,1,1,0,Angola,Africa,6.0,reauth,none,0,1.0,1.0,0,0,0,2,2,2,0,0,1.0,1.0,1.0,2,2,2,0.07,0.01,159.0,0,1,0,0.0,0.0,0,1.0,0,1.03,low,0
U006046,8.0,2.0,3.0,1.0,0,1,0,Angola,Africa,4.0,google_password,security_key,1,1.0,1.0,1,1,1,1,1,1,1,1,1.0,1.0,1.0,1,1,1,1.0,0.0,0.0,0,0,0,0.0,0.0,0,1.0,2,38.03,medium,0
U005863,18.0,0.0,5.0,2.0,0,1,0,Angola,Africa,4.0,google_password,two_step_verification,1,1.0,1.0,1,1,1,1,1,1,1,1,1.0,1.0,1.0,1,1,1,1.0,0.0,0.0,0,0,0,0.0,0.0,0,1.0,2,38.03,medium,0
U024922,23.0,2.0,1.0,1.0,0,0,1,Chile,Americas,6.0,google_password,password|idv_preregistered_email,1,1.0,1.0,1,1,1,1,1,1,1,1,1.0,1.0,1.0,1,1,1,1.0,0.0,0.0,0,0,0,0.0,0.0,0,1.0,2,38.03,medium,1
U000753,7.0,1.0,4.0,2.0,0,0,0,Angola,Africa,6.0,reauth,none,1,6.0,8.0,0,0,0,1,1,2,0,0,1.0,1.0,1.0,2,6,8,0.27,15.51,39.0,0,0,0,0.0,0.0,0,1.0,0,-39.97,low,0
U000068,7.0,2.0,2.0,1.0,0,0,0,Angola,Africa,4.0,reauth,password,0,1.0,1.0,0,0,0,1,1,1,0,0,1.0,1.0,1.0,26,89,323,10.77,0.0,50.0,0,0,0,0.0,0.0,0,64.0,0,65.92,high,0
U000329,9.0,3.0,1.0,1.0,0,1,0,Angola,Africa,4.0,reauth,password,0,1.0,1.0,0,0,0,1,1,1,0,0,1.0,1.0,1.0,4,9,15,0.5,2.73,31.0,0,0,0,0.0,0.0,0,66.0,0,67.98,high,0
U031588,0.0,1.0,6.0,2.0,0,0,1,Brazil,Americas,4.0,exchange,password,1,1.0,1.0,1,1,1,1,1,1,1,1,1.0,1.0,1.0,1,1,1,1.0,0.0,0.0,0,0,0,0.0,0.0,0,1.0,2,38.03,medium,0
U001562,14.0,4.0,6.0,2.0,0,1,0,Angola,Africa,4.0,google_password,password,1,1.0,1.0,1,1,1,1,1,1,1,1,1.0,1.0,1.0,1,1,1,1.0,0.0,0.0,0,0,0,0.0,0.0,0,1.0,2,38.03,medium,0
U000639,10.0,2.0,6.0,2.0,0,1,0,Angola,Africa,6.0,reauth,none,1,2.0,5.0,0,0,0,1,1,1,0,0,1.0,1.0,1.0,1,2,6,0.2,119.59,137.0,0,0,0,0.0,0.0,0,1.0,0,-39.97,low,0
U011234,20.0,6.0,7.0,3.0,1,0,0,Angola,Africa,4.0,exchange,none,0,1.0,3.0,0,0,0,1,1,1,0,0,1.0,1.0,1.0,3,3,10,0.33,0.0,139.0,0,1,0,0.0,0.0,0,1.0,0,1.03,low,0
U025847,0.0,2.0,4.0,2.0,0,0,1,Argentina,Americas,4.0,exchange,password|device_prompt,1,1.0,1.0,1,1,1,1,1,1,1,1,1.0,1.0,1.0,1,1,1,1.0,0.0,0.0,0,0,0,0.0,0.0,0,1.0,2,38.03,medium,1
U007871,17.0,6.0,3.0,1.0,1,1,0,Angola,Africa,4.0,google_password,password,1,1.0,1.0,1,1,1,1,1,1,1,1,1.0,1.0,1.0,1,1,1,1.0,0.0,0.0,0,1,0,0.0,0.0,0,1.0,2,38.03,medium,0
U035687,13.0,3.0,3.0,1.0,0,1,0,Brazil,Americas,6.0,exchange,password,1,1.0,1.0,1,1,1,1,1,1,1,1,1.0,1.0,1.0,1,1,1,1.0,0.0,0.0,0,0,0,0.0,0.0,0,1.0,2,38.03,medium,0
U003719,15.0,1.0,1.0,1.0,0,1,0,Angola,Africa,4.0,reauth,security_key,1,1.0,1.0,1,1,1,1,1,1,1,1,1.0,1.0,1.0,1,1,1,1.0,0.0,0.0,0,0,0,0.0,0.0,0,1.0,2,38.03,medium,0
U014513,3.0,4.0,3.0,1.0,0,0,1,Brazil,Americas,4.0,google_password,none,1,1.0,1.0,1,1,1,1,1,1,1,1,1.0,1.0,1.0,1,1,1,1.0,0.0,0.0,0,0,0,0.0,0.0,0,1.0,2,38.03,medium,0
U025758,14.0,4.0,2.0,1.0,0,1,0,Brazil,Americas,4.0,google_password,none,1,1.0,1.0,1,1,1,1,1,1,1,1,1.0,1.0,1.0,1,1,1,1.0,0.0,0.0,0,0,0,0.0,0.0,0,1.0,2,38.03,medium,0
U000080,16.0,4.0,2.0,1.0,0,1,0,Angola,Africa,4.0,google_password,password,1,2.0,10.0,0,0,0,2,2,3,0,0,1.0,1.0,2.0,1,2,10,0.33,56.25,45.0,0,0,0,8231.22,146.33,0,1.0,0,-39.97,low,0
U030428,16.0,5.0,5.0,2.0,1,1,0,Brazil,Americas,4.0,reauth,password,1,1.0,1.0,1,1,1,1,1,1,1,1,1.0,1.0,1.0,1,1,1,1.0,0.0,0.0,0,1,0,0.0,0.0,0,1.0,2,38.03,medium,0
U000081,15.0,6.0,2.0,1.0,1,1,0,Angola,Africa,4.0,exchange,none,1,4.0,25.0,0,0,0,1,1,2,0,0,1.0,1.0,1.0,1,4,26,0.87,74.24,57.0,0,1,0,0.0,0.0,0,1.0,0,-39.97,low,0
U018953,17.0,1.0,3.0,1.0,0,1,0,Brazil,Americas,4.0,exchange,none,1,1.0,1.0,1,1,1,1,1,1,1,1,1.0,1.0,1.0,1,1,1,1.0,0.0,0.0,0,0,0,0.0,0.0,0,1.0,2,38.03,medium,0
U011254,15.0,0.0,6.0,2.0,0,1,0,Angola,Africa,6.0,google_password,password,1,2.0,5.0,0,0,0,1,1,1,0,0,1.0,1.0,1.0,1,2,5,0.45,142.15,10.0,0,0,0,0.0,0.0,0,1.0,0,-39.97,low,0
U006023,7.0,5.0,6.0,2.0,1,0,0,Angola,Africa,4.0,reauth,authenticator_app,1,1.0,1.0,1,1,1,1,1,1,1,1,1.0,1.0,1.0,1,1,1,1.0,0.0,0.0,0,1,0,0.0,0.0,0,1.0,2,38.03,medium,0
U000354,5.0,5.0,2.0,1.0,1,0,1,Angola,Africa,6.0,google_password,password,1,2.0,3.0,0,0,0,1,1,1,0,0,1.0,1.0,1.0,1,2,3,0.1,91.7,61.0,0,1,0,0.0,0.0,0,1.0,0,-39.97,low,0
U000131,16.0,0.0,3.0,1.0,0,1,0,Angola,Africa,4.0,google_password,password,1,1.0,6.0,0,0,0,1,1,1,0,0,1.0,1.0,1.0,1,1,6,0.2,239.79,70.0,0,0,0,0.0,0.0,0,1.0,0,-39.97,low,0
U002451,9.0,2.0,4.0,2.0,0,1,0,Angola,Africa,4.0,session_refresh,unknown,1,1.0,1.0,1,1,1,1,1,1,1,1,1.0,1.0,1.0,1,1,1,1.0,0.0,0.0,0,0,0,0.0,0.0,0,1.0,2,38.03,medium,1
U004263,14.0,5.0,5.0,2.0,1,1,0,Angola,Africa,4.0,federated_login,password,1,1.0,1.0,1,1,1,1,1,1,1,1,1.0,1.0,1.0,1,1,1,1.0,0.0,0.0,0,1,0,0.0,0.0,0,1.0,2,38.03,medium,0
U034285,7.0,4.0,3.0,1.0,0,0,0,Brazil,Americas,4.0,reauth,none,1,1.0,1.0,1,1,1,1,1,1,1,1,1.0,1.0,1.0,1,1,1,1.0,0.0,0.0,0,0,0,0.0,0.0,0,1.0,2,38.03,medium,0
U000797,16.0,1.0,5.0,2.0,0,1,0,Angola,Africa,4.0,exchange,none,1,3.0,9.0,0,0,0,1,1,1,0,0,1.0,1.0,1.0,1,3,9,0.3,25.42,69.0,0,0,0,0.0,0.0,0,1.0,0,-39.97,low,0
U000068,10.0,4.0,3.0,1.0,0,1,0,Angola,Africa,4.0,reauth,password,0,1.0,2.0,0,0,0,1,1,1,0,0,1.0,1.0,1.0,62,270,644,21.47,0.0,81.0,0,0,0,0.0,0.0,0,44.0,0,45.32,medium,0
U035433,17.0,5.0,5.0,2.0,1,1,0,Brazil,Americas,4.0,reauth,password,1,1.0,1.0,1,1,1,1,1,1,1,1,1.0,1.0,1.0,1,1,1,1.0,0.0,0.0,0,1,0,0.0,0.0,0,1.0,2,38.03,medium,0
U000063,8.0,1.0,5.0,2.0,0,1,0,Angola,Africa,6.0,google_password,password,1,1.0,3.0,0,0,0,1,1,1,0,0,1.0,1.0,1.0,1,1,4,0.13,356.6,132.0,0,0,0,0.0,0.0,0,1.0,0,-39.97,low,0
U025491,7.0,2.0,6.0,2.0,0,0,0,Brazil,Americas,4.0,google_password,password,1,1.0,1.0,1,1,1,1,1,1,1,1,1.0,1.0,1.0,1,1,1,1.0,0.0,0.0,0,0,0,0.0,0.0,0,1.0,2,38.03,medium,0
U000240,14.0,5.0,12.0,4.0,1,1,0,United Kingdom,Europe,4.0,reauth,none,0,1.0,1.0,0,0,0,1,1,1,0,0,1.0,1.0,1.0,2,2,2,2.0,0.01,0.0,1,1,0,0.0,0.0,0,1.0,0,31.03,low,0
U000250,15.0,0.0,3.0,1.0,0,1,0,Angola,Africa,4.0,reauth,none,0,2.0,10.0,0,0,0,1,1,1,0,0,1.0,1.0,1.0,3,4,12,0.4,0.03,75.0,0,0,0,0.0,0.0,0,48.0,0,49.44,medium,0
U000684,18.0,3.0,4.0,2.0,0,1,0,United States,America,4.0,reauth,idv_preregistered_phone,1,2.0,4.0,0,0,1,2,2,3,0,0,2.0,2.0,3.0,1,2,9,1.0,34.64,8.0,0,0,0,15669.59,452.36,1,1.0,0,-67.97,low,1
U034566,14.0,1.0,6.0,2.0,0,1,0,Brazil,Americas,4.0,reauth,none,1,1.0,1.0,1,1,1,1,1,1,1,1,1.0,1.0,1.0,1,1,1,1.0,0.0,0.0,0,0,0,0.0,0.0,0,1.0,2,38.03,medium,0
U000010,13.0,6.0,4.0,2.0,1,1,0,Angola,Africa,6.0,reauth,password,1,7.0,28.0,0,0,0,1,1,2,0,0,1.0,1.0,2.0,2,9,45,1.5,12.42,120.0,0,1,0,0.0,0.0,0,1.0,0,-39.97,low,0
U000029,16.0,4.0,5.0,2.0,0,1,0,Angola,Africa,4.0,exchange,none,1,5.0,15.0,0,0,0,1,1,3,0,0,1.0,1.0,1.0,1,5,15,0.5,24.7,132.0,0,0,0,0.0,0.0,0,1.0,0,-39.97,low,0
U000060,13.0,2.0,5.0,2.0,0,1,0,Angola,Africa,4.0,google_password,password,0,1.0,1.0,0,0,0,1,1,1,0,0,1.0,1.0,1.0,1,1,56,1.87,168.24,135.0,0,0,0,0.0,0.0,0,19.0,0,19.57,low,0
U000320,12.0,0.0,2.0,1.0,0,1,0,Angola,Africa,4.0,google_password,password,0,1.0,3.0,0,0,0,1,1,1,0,0,1.0,1.0,1.0,2,2,23,0.77,3.32,63.0,0,0,0,0.0,0.0,0,51.0,0,52.53,medium,0
U000006,21.0,1.0,3.0,1.0,0,0,0,United States,America,4.0,reauth,device_prompt,1,3.0,12.0,1,1,1,4,4,4,1,1,4.0,4.0,4.0,1,3,15,0.5,96.08,93.0,0,0,0,9102.25,94.74,1,1.0,2,10.03,low,1
U020194,2.0,0.0,3.0,1.0,0,0,1,Brazil,Americas,4.0,reauth,none,1,1.0,1.0,1,1,1,1,1,1,1,1,1.0,1.0,1.0,1,1,1,1.0,0.0,0.0,0,0,0,0.0,0.0,0,1.0,2,38.03,medium,0
U025924,14.0,2.0,6.0,2.0,0,1,0,Brazil,Americas,4.0,reauth,password,1,1.0,1.0,1,1,1,1,1,1,1,1,1.0,1.0,1.0,1,1,1,1.0,0.0,0.0,0,0,0,0.0,0.0,0,1.0,2,38.03,medium,0
U000042,13.0,4.0,4.0,2.0,0,1,0,Angola,Africa,4.0,reauth,password,0,1.0,4.0,0,0,0,1,1,1,0,0,1.0,1.0,1.0,7,16,31,1.03,1.56,107.0,0,0,0,0.0,0.0,0,61.0,0,62.83,high,0
U026090,1.0,0.0,6.0,2.0,0,0,1,Brazil,Americas,4.0,google_password,password,1,1.0,1.0,1,1,1,1,1,1,1,1,1.0,1.0,1.0,1,1,1,1.0,0.0,0.0,0,0,0,0.0,0.0,0,1.0,2,38.03,medium,0
U033669,10.0,3.0,1.0,1.0,0,1,0,Brazil,Americas,4.0,exchange,none,1,1.0,1.0,1,1,1,1,1,1,1,1,1.0,1.0,1.0,1,1,1,1.0,0.0,0.0,0,0,0,0.0,0.0,0,1.0,2,38.03,medium,0
U000209,19.0,3.0,4.0,2.0,0,0,0,Angola,Africa,4.0,exchange,none,1,6.0,24.0,0,0,0,1,1,1,0,0,1.0,1.0,1.0,1,6,24,0.8,31.93,126.0,0,0,0,0.0,0.0,0,1.0,0,-39.97,low,0
U000232,21.0,2.0,8.0,3.0,0,0,0,Angola,Africa,4.0,google_password,password,1,7.0,18.0,0,0,0,2,2,2,0,0,1.0,1.0,1.0,3,7,18,0.6,7.6,221.0,0,0,0,0.0,0.0,0,1.0,0,-39.97,low,0
U000104,14.0,1.0,6.0,2.0,0,1,0,Angola,Africa,6.0,google_password,password,1,6.0,22.0,0,0,0,2,2,2,0,0,1.0,1.0,1.0,2,6,24,0.8,1.65,164.0,0,0,0,0.0,0.0,0,1.0,0,-39.97,low,0
U000067,7.0,2.0,12.0,4.0,0,0,0,Angola,Africa,4.0,reauth,password,0,1.0,1.0,0,0,0,1,1,1,0,0,1.0,1.0,1.0,3,7,7,2.33,0.35,2.0,0,0,0,0.0,0.0,0,26.0,0,26.78,low,0
U029249,12.0,1.0,2.0,1.0,0,1,0,Brazil,Americas,4.0,reauth,password,1,1.0,1.0,1,1,1,1,1,1,1,1,1.0,1.0,1.0,1,1,1,1.0,0.0,0.0,0,0,0,0.0,0.0,0,1.0,2,38.03,medium,0
U000731,12.0,5.0,4.0,2.0,1,1,0,Angola,Africa,4.0,exchange,none,1,1.0,3.0,0,0,0,1,1,1,0,0,1.0,1.0,1.0,1,1,3,0.1,639.94,67.0,0,1,0,0.0,0.0,0,1.0,0,-39.97,low,0
U000137,21.0,1.0,8.0,3.0,0,0,0,Angola,Africa,6.0,google_password,password|idv_preregistered_phone,1,5.0,19.0,0,0,0,2,2,4,0,0,1.0,1.0,1.0,1,5,19,0.63,128.1,233.0,0,0,0,0.0,0.0,0,1.0,0,-39.97,low,0
U014294,16.0,0.0,3.0,1.0,0,1,0,Brazil,Americas,4.0,reauth,password,1,1.0,1.0,1,1,1,1,1,1,1,1,1.0,1.0,1.0,1,1,1,1.0,0.0,0.0,0,0,0,0.0,0.0,0,1.0,2,38.03,medium,0
U000620,15.0,5.0,5.0,2.0,1,1,0,Angola,Africa,6.0,google_password,password,0,3.0,8.0,0,0,0,1,1,1,0,0,1.0,1.0,1.0,2,4,16,0.53,0.22,43.0,0,1,0,0.0,0.0,0,1.0,0,1.03,low,0
U000928,12.0,3.0,7.0,3.0,0,1,0,Angola,Africa,4.0,google_password,password,1,1.0,1.0,0,0,0,1,1,1,0,0,1.0,1.0,1.0,1,1,1,0.03,726.92,100.0,0,0,0,9113.3,12.54,0,1.0,0,-39.97,low,0
U005645,19.0,1.0,5.0,2.0,0,0,0,Angola,Africa,6.0,reauth,authenticator_app,1,1.0,1.0,1,1,1,1,1,1,1,1,1.0,1.0,1.0,1,1,1,1.0,0.0,0.0,0,0,0,0.0,0.0,0,1.0,2,38.03,medium,0
U000225,10.0,1.0,8.0,3.0,0,1,0,Angola,Africa,4.0,google_password,password,0,2.0,6.0,0,0,0,1,1,2,0,0,1.0,1.0,1.0,1,3,15,0.5,25.76,227.0,0,0,0,0.0,0.0,0,15.0,0,15.45,low,0
U024667,5.0,6.0,6.0,2.0,1,0,1,Brazil,Americas,4.0,reauth,password,1,1.0,1.0,1,1,1,1,1,1,1,1,1.0,1.0,1.0,1,1,1,1.0,0.0,0.0,0,1,0,0.0,0.0,0,1.0,2,38.03,medium,0
U000029,17.0,5.0,1.0,1.0,1,1,0,Angola,Africa,4.0,exchange,none,1,4.0,22.0,0,0,0,1,1,1,0,0,1.0,1.0,1.0,1,4,22,0.73,24.78,42.0,0,1,0,0.0,0.0,0,1.0,0,-39.97,low,0
U029141,5.0,1.0,1.0,1.0,0,0,1,Brazil,Americas,4.0,reauth,password,1,1.0,1.0,1,1,1,1,1,1,1,1,1.0,1.0,1.0,1,1,1,1.0,0.0,0.0,0,0,0,0.0,0.0,0,1.0,2,38.03,medium,0
U000036,20.0,4.0,7.0,3.0,0,0,0,Angola,Africa,4.0,exchange,none,1,6.0,18.0,0,0,0,3,3,6,0,0,1.0,1.0,3.0,1,6,20,0.67,36.34,199.0,0,0,0,0.0,0.0,0,1.0,0,-39.97,low,0
U000068,13.0,0.0,1.0,1.0,0,1,0,Angola,Africa,4.0,reauth,password,0,1.0,2.0,0,0,0,1,1,1,0,0,1.0,1.0,1.0,16,41,85,5.67,0.0,14.0,0,0,0,0.0,0.0,0,53.0,0,54.59,medium,0
U000164,15.0,5.0,7.0,3.0,1,1,0,Angola,Africa,6.0,google_password,password,1,2.0,7.0,0,0,0,1,1,1,0,0,1.0,1.0,1.0,1,2,9,0.3,67.05,186.0,0,1,0,0.0,0.0,0,1.0,0,-39.97,low,0
U023447,17.0,4.0,1.0,1.0,0,1,0,Brazil,Americas,4.0,google_password,password,1,1.0,1.0,1,1,1,1,1,1,1,1,1.0,1.0,1.0,1,1,1,1.0,0.0,0.0,0,0,0,0.0,0.0,0,1.0,2,38.03,medium,0
U017921,15.0,1.0,3.0,1.0,0,1,0,Brazil,Americas,4.0,exchange,password,1,1.0,1.0,1,1,1,1,1,1,1,1,1.0,1.0,1.0,1,1,1,1.0,0.0,0.0,0,0,0,0.0,0.0,0,1.0,2,38.03,medium,0
U000054,21.0,4.0,7.0,3.0,0,0,0,Angola,Africa,4.0,google_password,password,0,1.0,7.0,0,0,0,1,1,2,0,0,1.0,1.0,1.0,2,2,11,0.37,0.01,193.0,1,0,0,0.0,0.0,0,1.0,0,31.03,low,0
U033463,23.0,2.0,3.0,1.0,0,0,1,Mexico,Americas,4.0,reauth,password|idv_preregistered_phone,1,1.0,1.0,1,1,1,1,1,1,1,1,1.0,1.0,1.0,1,1,1,1.0,0.0,0.0,0,0,0,0.0,0.0,0,1.0,2,38.03,medium,1
U000202,4.0,0.0,5.0,2.0,0,0,1,Angola,Africa,4.0,exchange,none,1,2.0,8.0,0,0,0,1,1,1,0,0,1.0,1.0,1.0,1,2,10,0.33,78.63,125.0,0,0,0,0.0,0.0,0,1.0,0,-39.97,low,0
U000202,6.0,1.0,7.0,3.0,0,0,1,Angola,Africa,4.0,exchange,none,1,2.0,7.0,0,0,0,1,1,2,0,0,1.0,1.0,1.0,1,2,7,0.23,63.3,196.0,0,0,0,0.0,0.0,0,1.0,0,-39.97,low,0
U000327,10.0,3.0,1.0,1.0,0,1,0,Angola,Africa,4.0,reauth,password,0,1.0,1.0,0,0,0,1,1,1,0,0,1.0,1.0,1.0,10,32,53,1.77,0.01,30.0,0,0,0,0.0,0.0,0,66.0,0,67.98,high,0
U023307,13.0,4.0,5.0,2.0,0,1,0,Brazil,Americas,4.0,google_password,none,1,1.0,1.0,1,1,1,1,1,1,1,1,1.0,1.0,1.0,1,1,1,1.0,0.0,0.0,0,0,0,0.0,0.0,0,1.0,2,38.03,medium,0
U000282,8.0,3.0,2.0,1.0,0,1,0,Angola,Africa,4.0,reauth,password,0,1.0,2.0,0,0,0,1,1,1,0,0,1.0,1.0,1.0,2,7,36,1.2,0.26,43.0,0,0,0,0.0,0.0,0,33.0,0,33.99,low,0
U012177,9.0,3.0,5.0,2.0,0,1,0,Brazil,Americas,4.0,reauth,none,1,1.0,1.0,1,1,1,1,1,1,1,1,1.0,1.0,1.0,1,1,1,1.0,0.0,0.0,0,0,0,0.0,0.0,0,1.0,2,38.03,medium,0
U000816,14.0,4.0,1.0,1.0,0,1,0,Angola,Africa,4.0,google_password,password,1,1.0,1.0,1,1,1,1,1,1,1,1,1.0,1.0,1.0,1,1,1,1.0,0.0,0.0,0,0,0,0.0,0.0,0,1.0,2,38.03,medium,0
U010363,10.0,1.0,2.0,1.0,0,1,0,Angola,Africa,4.0,admin_login,password,1,1.0,1.0,1,1,1,1,1,1,1,1,1.0,1.0,1.0,1,1,1,1.0,0.0,0.0,0,0,0,0.0,0.0,0,1.0,2,38.03,medium,0
U000158,6.0,5.0,3.0,1.0,1,0,1,Angola,Africa,4.0,google_password,password,1,2.0,4.0,0,0,0,1,1,1,0,0,1.0,1.0,1.0,2,2,5,0.17,3.67,91.0,0,1,0,0.0,0.0,0,1.0,0,-39.97,low,0
U015222,15.0,1.0,3.0,1.0,0,1,0,Brazil,Americas,4.0,google_password,none,1,1.0,1.0,1,1,1,1,1,1,1,1,1.0,1.0,1.0,1,1,1,1.0,0.0,0.0,0,0,0,0.0,0.0,0,1.0,2,38.03,medium,0
U034335,18.0,3.0,1.0,1.0,0,1,0,Brazil,Americas,4.0,google_password,password,1,1.0,1.0,1,1,1,1,1,1,1,1,1.0,1.0,1.0,1,1,1,1.0,0.0,0.0,0,0,0,0.0,0.0,0,1.0,2,38.03,medium,0
U018323,16.0,1.0,5.0,2.0,0,1,0,Brazil,Americas,6.0,reauth,none,1,1.0,1.0,1,1,1,1,1,1,1,1,1.0,1.0,1.0,1,1,1,1.0,0.0,0.0,0,0,0,0.0,0.0,0,1.0,2,38.03,medium,0
U000042,17.0,3.0,5.0,2.0,0,1,0,Angola,Africa,4.0,reauth,password,0,1.0,6.0,0,0,0,1,1,1,0,0,1.0,1.0,1.0,1,3,32,1.07,32.99,148.0,0,0,0,0.0,0.0,0,59.0,0,60.77,high,0
U030302,15.0,0.0,3.0,1.0,0,1,0,Brazil,Americas,4.0,exchange,password,1,1.0,1.0,1,1,1,1,1,1,1,1,1.0,1.0,1.0,1,1,1,1.0,0.0,0.0,0,0,0,0.0,0.0,0,1.0,2,38.03,medium,0
U005171,9.0,0.0,6.0,2.0,0,1,0,Angola,Africa,4.0,google_password,none,1,1.0,1.0,1,1,1,1,1,1,1,1,1.0,1.0,1.0,1,1,1,1.0,0.0,0.0,0,0,0,0.0,0.0,0,1.0,2,38.03,medium,0
U000187,20.0,4.0,1.0,1.0,0,0,0,Angola,Africa,4.0,exchange,none,1,5.0,13.0,0,0,0,1,1,1,0,0,1.0,1.0,1.0,1,5,15,0.58,24.06,25.0,0,0,0,0.0,0.0,0,1.0,0,-39.97,low,0
U000115,15.0,6.0,1.0,1.0,1,1,0,Angola,Africa,4.0,exchange,none,1,7.0,17.0,0,0,0,1,1,1,0,0,1.0,1.0,1.0,1,7,17,0.77,32.74,21.0,0,1,0,0.0,0.0,0,1.0,0,-39.97,low,0
U008287,15.0,0.0,2.0,1.0,0,1,0,Angola,Africa,4.0,admin_login,password,1,1.0,1.0,1,1,1,1,1,1,1,1,1.0,1.0,1.0,1,1,1,1.0,0.0,0.0,0,0,0,0.0,0.0,0,1.0,2,38.03,medium,0
U036518,2.0,1.0,4.0,2.0,0,0,1,Chile,Americas,6.0,google_password,password|idv_preregistered_phone,1,1.0,1.0,1,1,1,1,1,1,1,1,1.0,1.0,1.0,1,1,1,1.0,0.0,0.0,0,0,0,0.0,0.0,0,1.0,2,38.03,medium,1
U000046,8.0,3.0,5.0,2.0,0,1,0,Angola,Africa,4.0,reauth,password,0,1.0,1.0,0,0,0,1,1,1,0,0,1.0,1.0,1.0,22,75,123,4.1,0.0,151.0,0,0,0,0.0,0.0,0,60.0,0,61.8,high,0
U001130,8.0,1.0,5.0,2.0,0,1,0,Angola,Africa,6.0,google_password,password,0,2.0,6.0,0,0,0,1,1,1,0,0,1.0,1.0,1.0,6,6,11,0.37,0.17,88.0,0,0,0,0.0,0.0,0,1.0,0,1.03,low,0
U010750,16.0,6.0,1.0,1.0,1,1,0,Angola,Africa,4.0,google_password,none,1,1.0,1.0,1,1,1,1,1,1,1,1,1.0,1.0,1.0,1,1,1,1.0,0.0,0.0,0,1,0,0.0,0.0,0,1.0,2,38.03,medium,0
U031108,13.0,1.0,1.0,1.0,0,1,0,Brazil,Americas,4.0,reauth,none,1,1.0,1.0,1,1,1,1,1,1,1,1,1.0,1.0,1.0,1,1,1,1.0,0.0,0.0,0,0,0,0.0,0.0,0,1.0,2,38.03,medium,0
U000085,23.0,1.0,12.0,4.0,0,0,1,Angola,Africa,4.0,exchange,none,1,6.0,7.0,0,0,0,1,1,1,0,0,1.0,1.0,1.0,1,6,7,0.88,29.88,7.0,0,0,0,0.0,0.0,0,1.0,0,-39.97,low,0
U031107,4.0,3.0,2.0,1.0,0,0,1,Brazil,Americas,4.0,google_password,password,1,1.0,1.0,1,1,1,1,1,1,1,1,1.0,1.0,1.0,1,1,1,1.0,0.0,0.0,0,0,0,0.0,0.0,0,1.0,2,38.03,medium,0
U000054,12.0,1.0,12.0,4.0,0,1,0,Angola,Africa,4.0,reauth,password,0,1.0,1.0,0,0,0,1,1,1,0,0,1.0,1.0,1.0,1,3,3,1.5,27.11,1.0,1,0,0,0.0,0.0,0,36.0,0,67.08,high,0
U035285,18.0,5.0,3.0,1.0,1,1,0,Brazil,Americas,4.0,exchange,password,1,1.0,1.0,1,1,1,1,1,1,1,1,1.0,1.0,1.0,1,1,1,1.0,0.0,0.0,0,1,0,0.0,0.0,0,1.0,2,38.03,medium,0
U000037,14.0,2.0,1.0,1.0,0,1,0,Angola,Africa,4.0,google_password,idv_preregistered_phone,1,1.0,5.0,0,0,0,1,1,1,0,0,1.0,1.0,1.0,1,1,5,0.33,283.67,14.0,0,0,0,0.0,0.0,0,1.0,0,-39.97,low,0
U027553,9.0,5.0,1.0,1.0,1,1,0,Brazil,Americas,4.0,reauth,none,1,1.0,1.0,1,1,1,1,1,1,1,1,1.0,1.0,1.0,1,1,1,1.0,0.0,0.0,0,1,0,0.0,0.0,0,1.0,2,38.03,medium,0
U035226,8.0,3.0,2.0,1.0,0,1,0,Brazil,Americas,4.0,google_password,password,1,1.0,1.0,1,1,1,1,1,1,1,1,1.0,1.0,1.0,1,1,1,1.0,0.0,0.0,0,0,0,0.0,0.0,0,1.0,2,38.03,medium,0
U000553,9.0,0.0,1.0,1.0,0,1,0,Angola,Africa,4.0,reauth,password,1,2.0,2.0,1,1,1,2,2,2,1,1,2.0,2.0,2.0,1,2,2,0.67,65.18,2.0,1,0,0,11838.17,181.62,1,45.0,2,85.35,high,0
U000177,9.0,1.0,4.0,2.0,0,1,0,Angola,Africa,4.0,reauth,password,0,1.0,3.0,0,0,0,1,1,2,0,0,1.0,1.0,2.0,3,7,26,0.87,1.17,107.0,0,0,0,0.0,0.0,0,63.0,0,64.89,high,0
U013640,10.0,0.0,4.0,2.0,0,1,0,Brazil,Americas,4.0,google_password,password,1,1.0,1.0,1,1,1,1,1,1,1,1,1.0,1.0,1.0,1,1,1,1.0,0.0,0.0,0,0,0,0.0,0.0,0,1.0,2,38.03,medium,0
U003241,15.0,0.0,4.0,2.0,0,1,0,Angola,Africa,4.0,session_refresh,password,1,1.0,1.0,1,1,1,1,1,1,1,1,1.0,1.0,1.0,1,1,1,1.0,0.0,0.0,0,0,0,0.0,0.0,0,1.0,2,38.03,medium,0
U032056,6.0,3.0,5.0,2.0,0,0,1,Brazil,Americas,4.0,exchange,password,1,1.0,1.0,1,1,1,1,1,1,1,1,1.0,1.0,1.0,1,1,1,1.0,0.0,0.0,0,0,0,0.0,0.0,0,1.0,2,38.03,medium,0
U000178,21.0,0.0,12.0,4.0,0,0,0,Angola,Africa,4.0,exchange,none,1,2.0,2.0,0,0,0,1,1,1,0,0,1.0,1.0,1.0,1,2,2,0.4,99.52,4.0,1,0,0,0.0,0.0,0,1.0,0,-9.97,low,0
U000104,11.0,5.0,7.0,3.0,1,1,0,Angola,Africa,6.0,reauth,none,0,1.0,11.0,0,0,0,2,2,2,0,0,1.0,1.0,1.0,2,2,13,0.43,0.07,203.0,0,1,0,0.0,0.0,0,2.0,0,2.06,low,0
U031537,8.0,6.0,4.0,2.0,1,1,0,Brazil,Americas,4.0,google_password,password,1,1.0,1.0,1,1,1,1,1,1,1,1,1.0,1.0,1.0,1,1,1,1.0,0.0,0.0,0,1,0,0.0,0.0,0,1.0,2,38.03,medium,0
U011635,23.0,3.0,3.0,1.0,0,0,1,Angola,Africa,4.0,reauth,none,1,1.0,1.0,1,1,1,1,1,1,1,1,1.0,1.0,1.0,1,1,1,1.0,0.0,0.0,0,0,0,0.0,0.0,0,1.0,2,38.03,medium,0
U000419,12.0,0.0,2.0,1.0,0,1,0,Angola,Africa,4.0,google_password,password,1,1.0,2.0,0,0,0,1,1,2,0,0,1.0,1.0,1.0,1,1,5,0.17,340.61,30.0,0,0,0,0.0,0.0,0,1.0,0,-39.97,low,0
U014366,21.0,2.0,1.0,1.0,0,0,0,Brazil,Americas,4.0,exchange,password,1,1.0,1.0,1,1,1,1,1,1,1,1,1.0,1.0,1.0,1,1,1,1.0,0.0,0.0,0,0,0,0.0,0.0,0,1.0,2,38.03,medium,0
U000237,15.0,1.0,6.0,2.0,0,1,0,Portugal,Europe,4.0,google_password,password,0,1.0,1.0,0,0,0,3,3,3,0,0,1.0,1.0,1.0,2,2,4,0.13,23.23,177.0,0,0,0,0.0,0.0,0,1.0,0,1.03,low,0
U035075,4.0,6.0,1.0,1.0,1,0,1,Chile,Americas,4.0,google_password,password|device_prompt,1,1.0,1.0,1,1,1,1,1,1,1,1,1.0,1.0,1.0,1,1,1,1.0,0.0,0.0,0,1,0,0.0,0.0,0,1.0,2,38.03,medium,1
U000217,13.0,1.0,1.0,1.0,0,1,0,Angola,Africa,6.0,reauth,none,1,2.0,9.0,0,0,0,1,1,1,0,0,1.0,1.0,1.0,1,4,16,0.57,101.41,27.0,0,0,0,0.0,0.0,0,1.0,0,-39.97,low,0
U031066,1.0,1.0,2.0,1.0,0,0,1,Chile,Americas,4.0,reauth,password|idv_preregistered_phone,1,1.0,1.0,1,1,1,1,1,1,1,1,1.0,1.0,1.0,1,1,1,1.0,0.0,0.0,0,0,0,0.0,0.0,0,1.0,2,38.03,medium,1
U000068,13.0,2.0,1.0,1.0,0,1,0,Angola,Africa,4.0,reauth,password,0,1.0,2.0,0,0,0,1,1,1,0,0,1.0,1.0,1.0,27,81,150,8.82,0.0,16.0,0,0,0,0.0,0.0,0,50.0,0,51.5,medium,0
U000065,8.0,3.0,7.0,3.0,0,1,0,Angola,Africa,4.0,google_password,password,0,1.0,2.0,0,0,0,1,1,1,0,0,1.0,1.0,1.0,1,1,5,0.17,191.04,213.0,0,0,0,0.0,0.0,0,13.0,0,13.39,low,0
U001577,19.0,3.0,2.0,1.0,0,0,0,Angola,Africa,4.0,session_refresh,password,1,1.0,1.0,1,1,1,1,1,1,1,1,1.0,1.0,1.0,1,1,1,1.0,0.0,0.0,0,0,0,0.0,0.0,0,1.0,2,38.03,medium,0
U000132,13.0,4.0,3.0,1.0,0,1,0,Angola,Africa,4.0,google_password,password,0,1.0,9.0,0,0,0,1,1,1,0,0,1.0,1.0,1.0,7,19,63,2.1,3.46,81.0,0,0,0,0.0,0.0,0,57.0,0,58.71,high,0
U000077,4.0,3.0,3.0,1.0,0,0,1,Angola,Africa,4.0,exchange,none,1,2.0,8.0,0,0,0,1,1,1,0,0,1.0,1.0,1.0,1,2,8,0.27,129.81,93.0,0,0,0,0.0,0.0,0,1.0,0,-39.97,low,0
U016550,14.0,3.0,1.0,1.0,0,1,0,Brazil,Americas,4.0,reauth,password,1,1.0,1.0,1,1,1,1,1,1,1,1,1.0,1.0,1.0,1,1,1,1.0,0.0,0.0,0,0,0,0.0,0.0,0,1.0,2,38.03,medium,0
U034746,22.0,5.0,2.0,1.0,1,0,1,Brazil,Americas,4.0,exchange,password,1,1.0,1.0,1,1,1,1,1,1,1,1,1.0,1.0,1.0,1,1,1,1.0,0.0,0.0,0,1,0,0.0,0.0,0,1.0,2,38.03,medium,0
U000138,11.0,2.0,2.0,1.0,0,1,0,Angola,Africa,4.0,reauth,password,0,1.0,1.0,0,0,0,1,1,1,0,0,1.0,1.0,1.0,5,17,42,1.4,2.8,58.0,0,0,0,0.0,0.0,0,42.0,0,43.26,medium,1
U013382,12.0,3.0,4.0,2.0,0,1,0,Brazil,Americas,4.0,reauth,password,1,1.0,1.0,1,1,1,1,1,1,1,1,1.0,1.0,1.0,1,1,1,1.0,0.0,0.0,0,0,0,0.0,0.0,0,1.0,2,38.03,medium,0
U033290,13.0,4.0,4.0,2.0,0,1,0,Brazil,Americas,4.0,google_password,none,1,1.0,1.0,1,1,1,1,1,1,1,1,1.0,1.0,1.0,1,1,1,1.0,0.0,0.0,0,0,0,0.0,0.0,0,1.0,2,38.03,medium,0
U000068,8.0,4.0,2.0,1.0,0,1,0,Angola,Africa,4.0,reauth,password,0,1.0,1.0,0,0,0,1,1,1,0,0,1.0,1.0,1.0,15,76,318,10.6,0.0,46.0,0,0,0,0.0,0.0,0,67.0,0,69.01,high,0
U000068,8.0,1.0,4.0,2.0,0,1,0,Angola,Africa,4.0,reauth,password,0,1.0,1.0,0,0,0,1,1,1,0,0,1.0,1.0,1.0,31,74,442,14.73,0.0,113.0,0,0,0,0.0,0.0,0,58.0,0,59.74,high,0
U005423,17.0,0.0,4.0,2.0,0,1,0,Angola,Africa,4.0,google_password,two_step_verification,1,1.0,1.0,1,1,1,1,1,1,1,1,1.0,1.0,1.0,1,1,1,1.0,0.0,0.0,0,0,0,0.0,0.0,0,1.0,2,38.03,medium,0
U000354,6.0,0.0,5.0,2.0,0,0,1,Angola,Africa,6.0,google_password,password,1,1.0,3.0,0,0,0,1,1,1,0,0,1.0,1.0,1.0,1,1,3,0.1,342.21,154.0,0,0,0,0.0,0.0,0,1.0,0,-39.97,low,0
U000057,3.0,0.0,6.0,2.0,0,0,1,Brazil,America,4.0,google_password,password,0,2.0,4.0,0,0,0,2,2,3,0,0,1.0,1.0,2.0,1,3,12,0.4,131.36,174.0,1,0,0,0.0,0.0,0,1.0,0,31.03,low,0
U006864,12.0,6.0,1.0,1.0,1,1,0,Angola,Africa,4.0,google_password,password,1,1.0,1.0,1,1,1,1,1,1,1,1,1.0,1.0,1.0,1,1,1,1.0,0.0,0.0,0,1,0,0.0,0.0,0,1.0,2,38.03,medium,0
U000021,6.0,2.0,4.0,2.0,0,0,1,Angola,Africa,4.0,exchange,none,1,4.0,11.0,0,0,0,1,1,1,0,0,1.0,1.0,1.0,1,5,12,0.4,58.95,105.0,0,0,0,0.0,0.0,0,2.0,0,-38.94,low,0
U020686,14.0,4.0,5.0,2.0,0,1,0,Brazil,Americas,4.0,exchange,password,1,1.0,1.0,1,1,1,1,1,1,1,1,1.0,1.0,1.0,1,1,1,1.0,0.0,0.0,0,0,0,0.0,0.0,0,1.0,2,38.03,medium,0
U026622,12.0,0.0,6.0,2.0,0,1,0,Brazil,Americas,4.0,reauth,password,1,1.0,1.0,1,1,1,1,1,1,1,1,1.0,1.0,1.0,1,1,1,1.0,0.0,0.0,0,0,0,0.0,0.0,0,1.0,2,38.03,medium,0
U000067,12.0,3.0,2.0,1.0,0,1,0,Angola,Africa,4.0,reauth,password,0,2.0,4.0,0,0,0,1,1,1,0,0,1.0,1.0,1.0,5,15,50,1.67,1.5,45.0,0,0,0,0.0,0.0,0,57.0,0,58.71,high,0
U026952,16.0,2.0,1.0,1.0,0,1,0,Brazil,Americas,4.0,reauth,password,1,1.0,1.0,1,1,1,1,1,1,1,1,1.0,1.0,1.0,1,1,1,1.0,0.0,0.0,0,0,0,0.0,0.0,0,1.0,2,38.03,medium,0
U007561,11.0,5.0,4.0,2.0,1,1,0,Angola,Africa,4.0,admin_login,two_step_verification,1,1.0,1.0,1,1,1,1,1,1,1,1,1.0,1.0,1.0,1,1,1,1.0,0.0,0.0,0,1,0,0.0,0.0,0,1.0,2,38.03,medium,0
U000198,8.0,1.0,1.0,1.0,0,1,0,Angola,Africa,4.0,reauth,password,0,1.0,1.0,0,0,0,1,1,1,0,0,1.0,1.0,1.0,2,4,7,0.32,21.71,21.0,0,0,0,0.0,0.0,0,66.0,0,67.98,high,0
U003518,11.0,3.0,4.0,2.0,0,1,0,Angola,Africa,4.0,federated_login,password,1,1.0,1.0,1,1,1,1,1,1,1,1,1.0,1.0,1.0,1,1,1,1.0,0.0,0.0,0,0,0,0.0,0.0,0,1.0,2,38.03,medium,0
U009359,20.0,0.0,6.0,2.0,0,0,0,Angola,Africa,4.0,admin_login,password,1,1.0,1.0,1,1,1,1,1,1,1,1,1.0,1.0,1.0,1,1,1,1.0,0.0,0.0,0,0,0,0.0,0.0,0,1.0,2,38.03,medium,0
U000961,19.0,6.0,3.0,1.0,1,0,0,Angola,Africa,4.0,google_password,password,0,1.0,1.0,0,0,0,1,1,1,0,0,1.0,1.0,1.0,2,2,2,2.0,1.12,0.0,1,1,0,0.0,0.0,0,1.0,0,31.03,low,0
U000001,18.0,2.0,6.0,2.0,0,1,0,Angola,Africa,4.0,exchange,none,1,6.0,18.0,0,0,0,2,2,5,0,0,1.0,1.0,2.0,1,6,18,0.6,24.97,179.0,0,0,0,0.0,0.0,0,1.0,0,-39.97,low,0
U030860,15.0,5.0,1.0,1.0,1,1,0,Brazil,Americas,4.0,reauth,password,1,1.0,1.0,1,1,1,1,1,1,1,1,1.0,1.0,1.0,1,1,1,1.0,0.0,0.0,0,1,0,0.0,0.0,0,1.0,2,38.03,medium,0
U000006,8.0,5.0,3.0,1.0,1,1,0,Albania,Europe,4.0,google_password,password,0,4.0,7.0,0,0,0,3,3,3,0,0,2.0,2.0,2.0,1,4,8,0.27,35.35,75.0,0,1,0,0.0,0.0,1,1.0,0,-26.97,low,0
U009460,9.0,4.0,3.0,1.0,0,1,0,Angola,Africa,4.0,federated_login,two_step_verification,1,1.0,1.0,1,1,1,1,1,1,1,1,1.0,1.0,1.0,1,1,1,1.0,0.0,0.0,0,0,0,0.0,0.0,0,1.0,2,38.03,medium,0
U000095,11.0,1.0,5.0,2.0,0,1,0,Portugal,Europe,4.0,google_password,password,0,2.0,4.0,0,0,0,2,2,2,0,0,1.0,1.0,1.0,1,2,5,0.17,159.97,150.0,0,0,0,0.0,0.0,0,1.0,0,1.03,low,0
U012616,9.0,3.0,3.0,1.0,0,1,0,Brazil,Americas,4.0,google_password,none,1,1.0,1.0,1,1,1,1,1,1,1,1,1.0,1.0,1.0,1,1,1,1.0,0.0,0.0,0,0,0,0.0,0.0,0,1.0,2,38.03,medium,0
U000745,11.0,4.0,4.0,2.0,0,1,0,Angola,Africa,4.0,reauth,password,0,3.0,3.0,0,0,0,1,1,2,0,0,1.0,1.0,2.0,3,6,16,0.53,1.95,29.0,0,0,0,0.0,0.0,0,59.0,0,60.77,high,0
U002369,16.0,6.0,1.0,1.0,1,1,0,Angola,Africa,4.0,federated_login,password,1,1.0,1.0,1,1,1,1,1,1,1,1,1.0,1.0,1.0,1,1,1,1.0,0.0,0.0,0,1,0,0.0,0.0,0,1.0,2,38.03,medium,0
U004738,11.0,0.0,6.0,2.0,0,1,0,South Africa,Africa,4.0,reauth,password,1,1.0,1.0,1,1,1,1,1,1,1,1,1.0,1.0,1.0,1,1,1,1.0,0.0,0.0,0,0,0,0.0,0.0,0,1.0,2,38.03,medium,0
U011305,7.0,0.0,7.0,3.0,0,0,0,Angola,Africa,4.0,exchange,none,1,1.0,3.0,0,0,0,1,1,2,0,0,1.0,1.0,2.0,1,1,4,0.13,399.87,170.0,0,0,0,565.58,1.41,0,1.0,0,-39.97,low,0
U000855,5.0,0.0,1.0,1.0,0,0,1,Angola,Africa,4.0,google_password,password,1,1.0,1.0,1,1,1,1,1,1,1,1,1.0,1.0,1.0,1,1,1,1.0,0.0,0.0,0,0,0,0.0,0.0,0,1.0,2,38.03,medium,0
U000111,8.0,6.0,6.0,2.0,1,1,0,Angola,Africa,4.0,exchange,none,1,5.0,18.0,0,0,0,7,7,12,0,0,1.0,1.0,1.0,1,5,20,0.67,44.83,175.0,0,1,0,0.0,0.0,0,1.0,0,-39.97,low,0
U000060,15.0,4.0,3.0,1.0,0,1,0,Angola,Africa,4.0,reauth,password,0,1.0,1.0,0,0,0,1,1,1,0,0,1.0,1.0,1.0,4,20,75,2.5,2.41,88.0,0,0,0,0.0,0.0,0,56.0,0,57.68,medium,0
U000193,20.0,0.0,7.0,3.0,0,0,0,Angola,Africa,4.0,exchange,none,0,4.0,13.0,0,0,0,1,1,1,0,0,1.0,1.0,1.0,2,7,31,1.03,0.0,196.0,0,0,0,0.0,0.0,0,1.0,0,1.03,low,0
U000390,18.0,1.0,5.0,2.0,0,1,0,Angola,Africa,4.0,reauth,password,0,1.0,1.0,0,0,0,1,1,1,0,0,1.0,1.0,1.0,4,9,17,0.57,1.43,141.0,0,0,0,0.0,0.0,0,63.0,0,64.89,high,1
U000483,10.0,3.0,4.0,2.0,0,1,0,Angola,Africa,4.0,reauth,password,0,1.0,1.0,0,0,0,1,1,1,0,0,1.0,1.0,1.0,1,6,19,0.63,65.69,87.0,0,0,0,0.0,0.0,0,58.0,0,59.74,high,0
U002707,6.0,4.0,3.0,1.0,0,0,1,Angola,Africa,4.0,google_password,none,1,1.0,1.0,1,1,1,1,1,1,1,1,1.0,1.0,1.0,1,1,1,1.0,0.0,0.0,0,0,0,0.0,0.0,0,1.0,2,38.03,medium,0
U025650,14.0,2.0,2.0,1.0,0,1,0,Brazil,Americas,4.0,reauth,password,1,1.0,1.0,1,1,1,1,1,1,1,1,1.0,1.0,1.0,1,1,1,1.0,0.0,0.0,0,0,0,0.0,0.0,0,1.0,2,38.03,medium,0
U017190,10.0,5.0,6.0,2.0,1,1,0,Brazil,Americas,4.0,google_password,none,1,1.0,1.0,1,1,1,1,1,1,1,1,1.0,1.0,1.0,1,1,1,1.0,0.0,0.0,0,1,0,0.0,0.0,0,1.0,2,38.03,medium,0
U000146,17.0,2.0,1.0,1.0,0,1,0,Angola,Africa,4.0,reauth,password,0,3.0,3.0,0,0,0,1,1,1,0,0,1.0,1.0,1.0,4,11,15,0.88,7.11,16.0,0,0,0,0.0,0.0,0,43.0,0,44.29,medium,0
U023907,11.0,3.0,2.0,1.0,0,1,0,Brazil,Americas,4.0,reauth,password,1,1.0,1.0,1,1,1,1,1,1,1,1,1.0,1.0,1.0,1,1,1,1.0,0.0,0.0,0,0,0,0.0,0.0,0,1.0,2,38.03,medium,0
U000392,13.0,6.0,8.0,3.0,1,1,0,Angola,Africa,4.0,exchange,none,1,5.0,20.0,0,0,0,2,2,6,0,0,1.0,1.0,1.0,1,5,23,0.77,39.79,213.0,0,1,0,0.0,0.0,0,1.0,0,-39.97,low,0
U008791,17.0,1.0,4.0,2.0,0,1,0,Angola,Africa,4.0,admin_login,password,1,1.0,1.0,1,1,1,1,1,1,1,1,1.0,1.0,1.0,1,1,1,1.0,0.0,0.0,0,0,0,0.0,0.0,0,1.0,2,38.03,medium,0
U000400,11.0,2.0,6.0,2.0,0,1,0,Angola,Africa,4.0,google_password,password,1,1.0,1.0,0,0,0,2,2,5,0,0,1.0,1.0,1.0,1,1,1,0.03,866.22,156.0,0,0,0,6763.24,7.81,0,12.0,0,-28.64,low,0
U000097,13.0,3.0,3.0,1.0,0,1,0,Angola,Africa,6.0,google_password,password,1,4.0,5.0,0,0,0,1,1,1,0,0,1.0,1.0,1.0,2,4,5,0.17,0.98,78.0,0,0,0,0.0,0.0,0,1.0,0,-39.97,low,0
U019450,14.0,6.0,1.0,1.0,1,1,0,Brazil,Americas,4.0,exchange,password,1,1.0,1.0,1,1,1,1,1,1,1,1,1.0,1.0,1.0,1,1,1,1.0,0.0,0.0,0,1,0,0.0,0.0,0,1.0,2,38.03,medium,0
U031024,16.0,2.0,6.0,2.0,0,1,0,Brazil,Americas,4.0,reauth,password,1,1.0,1.0,1,1,1,1,1,1,1,1,1.0,1.0,1.0,1,1,1,1.0,0.0,0.0,0,0,0,0.0,0.0,0,1.0,2,38.03,medium,0
U034329,8.0,5.0,2.0,1.0,1,1,0,Brazil,Americas,4.0,reauth,password,1,1.0,1.0,1,1,1,1,1,1,1,1,1.0,1.0,1.0,1,1,1,1.0,0.0,0.0,0,1,0,0.0,0.0,0,1.0,2,38.03,medium,0
U000069,10.0,0.0,5.0,2.0,0,1,0,Angola,Africa,4.0,reauth,password,0,1.0,1.0,0,0,0,1,1,1,0,0,1.0,1.0,1.0,2,8,21,0.7,3.12,154.0,0,0,0,0.0,0.0,0,52.0,0,53.56,medium,0
U034435,20.0,5.0,5.0,2.0,1,0,0,Brazil,Americas,4.0,reauth,password,1,1.0,1.0,1,1,1,1,1,1,1,1,1.0,1.0,1.0,1,1,1,1.0,0.0,0.0,0,1,0,0.0,0.0,0,1.0,2,38.03,medium,0
U000034,0.0,0.0,4.0,2.0,0,0,1,Angola,Africa,4.0,exchange,none,1,5.0,22.0,0,0,0,1,1,5,0,0,1.0,1.0,2.0,1,5,23,0.77,29.14,113.0,0,0,0,0.0,0.0,0,1.0,0,-39.97,low,0
U030857,6.0,0.0,4.0,2.0,0,0,1,Brazil,Americas,4.0,exchange,password,1,1.0,1.0,1,1,1,1,1,1,1,1,1.0,1.0,1.0,1,1,1,1.0,0.0,0.0,0,0,0,0.0,0.0,0,1.0,2,38.03,medium,0
U012551,13.0,5.0,4.0,2.0,1,1,0,Brazil,Americas,4.0,reauth,password,1,1.0,1.0,1,1,1,1,1,1,1,1,1.0,1.0,1.0,1,1,1,1.0,0.0,0.0,0,1,0,0.0,0.0,0,1.0,2,38.03,medium,0
U000392,21.0,3.0,7.0,3.0,0,0,0,Angola,Africa,4.0,exchange,none,1,5.0,20.0,0,0,0,2,2,6,0,0,1.0,1.0,2.0,1,5,23,0.77,38.43,197.0,0,0,0,0.0,0.0,0,1.0,0,-39.97,low,0
U013003,15.0,3.0,1.0,1.0,0,1,0,Brazil,Americas,4.0,google_password,password,1,1.0,1.0,1,1,1,1,1,1,1,1,1.0,1.0,1.0,1,1,1,1.0,0.0,0.0,0,0,0,0.0,0.0,0,1.0,2,38.03,medium,0
U000453,14.0,0.0,2.0,1.0,0,1,0,Angola,Africa,4.0,reauth,password,0,1.0,1.0,0,0,0,1,1,1,0,0,1.0,1.0,1.0,1,1,3,0.1,599.49,28.0,0,0,0,0.0,0.0,0,56.0,0,57.68,medium,0
U000030,6.0,2.0,1.0,1.0,0,0,1,Angola,Africa,4.0,exchange,none,1,4.0,17.0,0,0,0,1,1,2,0,0,1.0,1.0,2.0,1,4,17,0.57,25.52,37.0,0,0,0,0.0,0.0,0,1.0,0,-39.97,low,0
U000656,7.0,1.0,2.0,1.0,0,0,0,Angola,Africa,4.0,reauth,password,0,1.0,1.0,0,0,0,1,1,1,0,0,1.0,1.0,1.0,5,12,32,1.45,17.71,21.0,0,0,0,0.0,0.0,0,61.0,0,62.83,high,1
U000068,12.0,3.0,4.0,2.0,0,1,0,Angola,Africa,4.0,reauth,password,0,1.0,1.0,0,0,0,1,1,1,0,0,1.0,1.0,1.0,14,76,450,15.0,0.0,115.0,0,0,0,0.0,0.0,0,56.0,0,57.68,medium,0
U000331,10.0,4.0,2.0,1.0,0,1,0,Angola,Africa,4.0,reauth,password,0,2.0,2.0,0,0,0,2,2,2,1,1,2.0,2.0,2.0,1,5,18,0.6,38.4,52.0,0,0,0,0.0,0.0,1,68.0,2,120.04,high,0
U000071,20.0,1.0,1.0,1.0,0,0,0,Angola,Africa,4.0,reauth,none,1,4.0,4.0,0,0,0,1,1,1,0,0,1.0,1.0,1.0,3,5,5,0.71,23.33,6.0,0,0,0,0.0,0.0,0,1.0,0,-39.97,low,0
U000026,9.0,1.0,6.0,2.0,0,1,0,Angola,Africa,4.0,exchange,none,1,5.0,20.0,0,0,0,1,1,2,0,0,1.0,1.0,1.0,1,5,20,0.67,26.62,184.0,0,0,0,0.0,0.0,0,1.0,0,-39.97,low,0
U000374,19.0,0.0,2.0,1.0,0,0,0,Angola,Africa,6.0,google_password,password,1,1.0,3.0,0,0,0,1,1,1,0,0,1.0,1.0,1.0,1,1,4,0.17,319.23,23.0,0,0,0,0.0,0.0,0,1.0,0,-39.97,low,0
U000936,8.0,2.0,6.0,2.0,0,1,0,Angola,Africa,4.0,reauth,none,1,2.0,2.0,0,0,0,1,1,1,0,0,1.0,1.0,1.0,2,2,2,0.07,17.18,57.0,1,0,0,0.0,0.0,0,1.0,0,-9.97,low,0
U008138,18.0,4.0,1.0,1.0,0,1,0,Angola,Africa,4.0,admin_login,password,1,1.0,1.0,1,1,1,1,1,1,1,1,1.0,1.0,1.0,1,1,1,1.0,0.0,0.0,0,0,0,0.0,0.0,0,1.0,2,38.03,medium,0
U000715,17.0,0.0,7.0,3.0,0,1,0,Angola,Africa,6.0,google_password,password,1,1.0,1.0,0,0,0,1,1,1,0,0,1.0,1.0,1.0,1,1,1,0.03,1202.16,116.0,0,0,0,9113.3,7.58,0,1.0,0,-39.97,low,0
U000062,17.0,2.0,6.0,2.0,0,1,0,Angola,Africa,6.0,reauth,none,1,2.0,3.0,0,0,0,1,1,1,0,0,1.0,1.0,1.0,1,2,29,0.97,148.15,170.0,1,0,0,0.0,0.0,0,1.0,0,-9.97,low,0
U001370,15.0,2.0,5.0,2.0,0,1,0,Angola,Africa,4.0,admin_login,two_step_verification,1,1.0,1.0,1,1,1,1,1,1,1,1,1.0,1.0,1.0,1,1,1,1.0,0.0,0.0,0,0,0,0.0,0.0,0,1.0,2,38.03,medium,0
U015254,10.0,1.0,1.0,1.0,0,1,0,Brazil,Americas,4.0,reauth,password,1,1.0,1.0,1,1,1,1,1,1,1,1,1.0,1.0,1.0,1,1,1,1.0,0.0,0.0,0,0,0,0.0,0.0,0,1.0,2,38.03,medium,0
U012954,7.0,0.0,2.0,1.0,0,0,0,Chile,Americas,4.0,google_password,password|device_prompt,1,1.0,1.0,1,1,1,1,1,1,1,1,1.0,1.0,1.0,1,1,1,1.0,0.0,0.0,0,0,0,0.0,0.0,0,1.0,2,38.03,medium,1
U022941,9.0,5.0,1.0,1.0,1,1,0,Brazil,Americas,4.0,google_password,password,1,1.0,1.0,1,1,1,1,1,1,1,1,1.0,1.0,1.0,1,1,1,1.0,0.0,0.0,0,1,0,0.0,0.0,0,1.0,2,38.03,medium,0
U000046,9.0,3.0,5.0,2.0,0,1,0,Angola,Africa,4.0,google_password,password,0,1.0,1.0,0,0,0,1,1,1,0,0,1.0,1.0,1.0,10,43,72,2.4,0.02,144.0,0,0,0,0.0,0.0,0,61.0,0,62.83,high,0
U025290,11.0,1.0,3.0,1.0,0,1,0,Brazil,Americas,4.0,google_password,none,1,1.0,1.0,1,1,1,1,1,1,1,1,1.0,1.0,1.0,1,1,1,1.0,0.0,0.0,0,0,0,0.0,0.0,0,1.0,2,38.03,medium,0
U000022,16.0,6.0,8.0,3.0,1,1,0,Angola,Africa,4.0,exchange,none,1,4.0,20.0,0,0,0,1,1,1,0,0,1.0,1.0,1.0,1,5,21,0.7,54.59,222.0,0,1,0,0.0,0.0,0,2.0,0,-38.94,low,0
U000011,11.0,1.0,6.0,2.0,0,1,0,Angola,Africa,4.0,google_password,idv_preregistered_phone,0,1.0,4.0,0,0,0,1,1,1,0,0,1.0,1.0,1.0,2,2,12,0.4,0.16,191.0,0,0,0,0.0,0.0,0,10.0,0,10.3,low,0
U014234,9.0,5.0,4.0,2.0,1,1,0,Brazil,Americas,4.0,exchange,device_prompt,1,1.0,1.0,1,1,1,1,1,1,1,1,1.0,1.0,1.0,1,1,1,1.0,0.0,0.0,0,1,0,0.0,0.0,0,1.0,2,38.03,medium,0
U005789,15.0,4.0,4.0,2.0,0,1,0,Angola,Africa,4.0,admin_login,security_key,1,1.0,1.0,1,1,1,1,1,1,1,1,1.0,1.0,1.0,1,1,1,1.0,0.0,0.0,0,0,0,0.0,0.0,0,1.0,2,38.03,medium,0
U004519,15.0,0.0,1.0,1.0,0,1,0,Angola,Africa,4.0,admin_login,none,1,1.0,1.0,1,1,1,1,1,1,1,1,1.0,1.0,1.0,1,1,1,1.0,0.0,0.0,0,0,0,0.0,0.0,0,1.0,2,38.03,medium,0
U001105,7.0,3.0,5.0,2.0,0,0,0,Australia,Australia,4.0,reauth,none,1,2.0,3.0,0,0,0,2,2,2,0,0,2.0,2.0,2.0,1,4,6,0.2,25.39,100.0,0,0,0,0.0,0.0,1,1.0,0,-67.97,low,0
U000981,18.0,6.0,8.0,3.0,1,1,0,Angola,Africa,4.0,exchange,none,0,3.0,4.0,0,0,0,1,1,2,0,0,1.0,1.0,2.0,4,9,11,0.37,0.0,99.0,0,1,0,0.0,0.0,0,1.0,0,1.03,low,0
U000410,7.0,2.0,5.0,2.0,0,0,0,Angola,Africa,4.0,reauth,password,0,1.0,1.0,0,0,0,1,1,1,0,0,1.0,1.0,1.0,9,18,25,0.83,18.1,141.0,0,0,0,0.0,0.0,0,62.0,0,63.86,high,0
U000068,12.0,0.0,3.0,1.0,0,1,0,Angola,Africa,4.0,reauth,password,0,1.0,1.0,0,0,0,1,1,1,0,0,1.0,1.0,1.0,36,153,616,20.53,0.0,98.0,0,0,0,0.0,0.0,0,60.0,0,61.8,high,0
U000115,9.0,4.0,4.0,2.0,0,1,0,Angola,Africa,4.0,exchange,none,1,6.0,19.0,0,0,0,1,1,1,0,0,1.0,1.0,1.0,1,11,45,1.5,43.49,123.0,0,0,0,0.0,0.0,0,1.0,0,-39.97,low,0
U000136,7.0,0.0,1.0,1.0,0,0,0,Angola,Africa,4.0,reauth,password,0,2.0,3.0,0,0,0,1,1,1,0,0,1.0,1.0,1.0,4,11,21,1.4,0.42,14.0,0,0,0,0.0,0.0,0,15.0,0,15.45,low,0
U014648,15.0,0.0,1.0,1.0,0,1,0,Brazil,Americas,4.0,exchange,none,1,1.0,1.0,1,1,1,1,1,1,1,1,1.0,1.0,1.0,1,1,1,1.0,0.0,0.0,0,0,0,0.0,0.0,0,1.0,2,38.03,medium,0
U000048,10.0,1.0,3.0,1.0,0,1,0,Angola,Africa,4.0,reauth,password,0,1.0,1.0,0,0,0,1,1,1,0,0,1.0,1.0,1.0,6,8,11,0.37,0.72,94.0,0,0,0,0.0,0.0,0,42.0,0,43.26,medium,0
U016844,13.0,1.0,3.0,1.0,0,1,0,Brazil,Americas,4.0,google_password,password,1,1.0,1.0,1,1,1,1,1,1,1,1,1.0,1.0,1.0,1,1,1,1.0,0.0,0.0,0,0,0,0.0,0.0,0,1.0,2,38.03,medium,0
U000483,10.0,0.0,1.0,1.0,0,1,0,Angola,Africa,4.0,reauth,password,0,1.0,1.0,0,0,0,1,1,1,0,0,1.0,1.0,1.0,1,3,5,0.62,97.72,7.0,1,0,0,0.0,0.0,0,43.0,0,74.29,high,0
U000146,14.0,3.0,8.0,3.0,0,1,0,Angola,Africa,4.0,google_password,password,0,3.0,6.0,0,0,0,1,1,2,0,0,1.0,1.0,1.0,2,7,18,0.6,1.18,227.0,0,0,0,0.0,0.0,0,13.0,0,13.39,low,0
U000063,8.0,2.0,1.0,1.0,0,1,0,Angola,Africa,4.0,google_password,password,0,1.0,5.0,0,0,0,1,1,1,0,0,1.0,1.0,1.0,1,2,9,0.31,24.69,28.0,0,0,0,0.0,0.0,0,56.0,0,57.68,medium,0
U000375,5.0,6.0,7.0,3.0,1,0,1,Angola,Africa,4.0,exchange,none,0,3.0,4.0,0,0,0,1,1,1,0,0,1.0,1.0,1.0,4,5,7,0.23,0.11,184.0,0,1,0,0.0,0.0,0,1.0,0,1.03,low,0
U000104,6.0,1.0,6.0,2.0,0,0,1,Angola,Africa,6.0,exchange,none,1,6.0,23.0,0,0,0,2,2,2,0,0,1.0,1.0,1.0,1,6,23,0.77,35.58,178.0,0,0,0,0.0,0.0,0,1.0,0,-39.97,low,0
U000115,17.0,6.0,6.0,2.0,1,1,0,Angola,Africa,4.0,exchange,none,1,6.0,19.0,0,0,0,1,1,1,0,0,1.0,1.0,1.0,1,7,31,1.03,32.08,189.0,0,1,0,0.0,0.0,0,1.0,0,-39.97,low,0
U021596,4.0,6.0,2.0,1.0,1,0,1,Brazil,Americas,4.0,reauth,password,1,1.0,1.0,1,1,1,1,1,1,1,1,1.0,1.0,1.0,1,1,1,1.0,0.0,0.0,0,1,0,0.0,0.0,0,1.0,2,38.03,medium,0
U019517,12.0,1.0,1.0,1.0,0,1,0,Brazil,Americas,4.0,google_password,none,1,1.0,1.0,1,1,1,1,1,1,1,1,1.0,1.0,1.0,1,1,1,1.0,0.0,0.0,0,0,0,0.0,0.0,0,1.0,2,38.03,medium,0
U014859,16.0,5.0,1.0,1.0,1,1,0,Brazil,Americas,4.0,exchange,password,1,1.0,1.0,1,1,1,1,1,1,1,1,1.0,1.0,1.0,1,1,1,1.0,0.0,0.0,0,1,0,0.0,0.0,0,1.0,2,38.03,medium,0
U029275,0.0,1.0,1.0,1.0,0,0,1,Brazil,Americas,4.0,exchange,password,1,1.0,1.0,1,1,1,1,1,1,1,1,1.0,1.0,1.0,1,1,1,1.0,0.0,0.0,0,0,0,0.0,0.0,0,1.0,2,38.03,medium,0
U030417,19.0,2.0,5.0,2.0,0,0,0,Brazil,Americas,4.0,reauth,none,1,1.0,1.0,1,1,1,1,1,1,1,1,1.0,1.0,1.0,1,1,1,1.0,0.0,0.0,0,0,0,0.0,0.0,0,1.0,2,38.03,medium,0
U029560,16.0,0.0,4.0,2.0,0,1,0,Brazil,Americas,4.0,reauth,none,1,1.0,1.0,1,1,1,1,1,1,1,1,1.0,1.0,1.0,1,1,1,1.0,0.0,0.0,0,0,0,0.0,0.0,0,1.0,2,38.03,medium,0
U003029,10.0,2.0,4.0,2.0,0,1,0,Angola,Africa,4.0,google_password,two_step_verification,1,1.0,1.0,1,1,1,1,1,1,1,1,1.0,1.0,1.0,1,1,1,1.0,0.0,0.0,0,0,0,0.0,0.0,0,1.0,2,38.03,medium,0
U034250,15.0,5.0,3.0,1.0,1,1,0,Brazil,Americas,4.0,google_password,password,1,1.0,1.0,1,1,1,1,1,1,1,1,1.0,1.0,1.0,1,1,1,1.0,0.0,0.0,0,1,0,0.0,0.0,0,1.0,2,38.03,medium,0
U000002,8.0,2.0,5.0,2.0,0,1,0,Angola,Africa,4.0,exchange,none,1,2.0,6.0,0,0,0,2,2,2,0,0,1.0,1.0,1.0,1,2,6,0.2,119.4,132.0,0,0,0,0.0,0.0,0,1.0,0,-39.97,low,0
U000193,21.0,4.0,7.0,3.0,0,0,0,Angola,Africa,4.0,exchange,none,0,4.0,7.0,0,0,0,1,1,1,0,0,1.0,1.0,1.0,2,11,19,0.63,0.0,186.0,0,0,0,0.0,0.0,0,1.0,0,1.03,low,0
U023249,11.0,6.0,6.0,2.0,1,1,0,Brazil,Americas,4.0,exchange,password,1,1.0,1.0,1,1,1,1,1,1,1,1,1.0,1.0,1.0,1,1,1,1.0,0.0,0.0,0,1,0,0.0,0.0,0,1.0,2,38.03,medium,0
U012127,5.0,4.0,6.0,2.0,0,0,1,Brazil,Americas,4.0,reauth,device_prompt,1,1.0,1.0,1,1,1,1,1,1,1,1,1.0,1.0,1.0,1,1,1,1.0,0.0,0.0,0,0,0,0.0,0.0,0,1.0,2,38.03,medium,0
U000134,11.0,4.0,1.0,1.0,0,1,0,Angola,Africa,4.0,reauth,password,0,2.0,5.0,0,0,0,1,1,1,0,0,1.0,1.0,1.0,1,2,19,0.9,97.23,20.0,0,0,0,0.0,0.0,0,53.0,0,54.59,medium,0
U000055,14.0,3.0,4.0,2.0,0,1,0,Angola,Africa,4.0,reauth,password,0,2.0,3.0,0,0,0,1,1,1,0,0,1.0,1.0,1.0,7,20,50,1.67,0.18,101.0,0,0,0,0.0,0.0,0,62.0,0,63.86,high,0
U000034,6.0,4.0,2.0,1.0,0,0,1,Angola,Africa,6.0,exchange,none,1,12.0,28.0,0,0,0,1,1,3,0,0,1.0,1.0,3.0,3,13,31,1.03,8.17,61.0,0,0,1,9337.82,1142.94,0,1.0,0,-39.97,low,0
U028604,16.0,5.0,2.0,1.0,1,1,0,Brazil,Americas,4.0,reauth,password,1,1.0,1.0,1,1,1,1,1,1,1,1,1.0,1.0,1.0,1,1,1,1.0,0.0,0.0,0,1,0,0.0,0.0,0,1.0,2,38.03,medium,0
U000975,14.0,1.0,2.0,1.0,0,1,0,Angola,Africa,4.0,exchange,none,1,1.0,1.0,1,1,1,1,1,1,1,1,1.0,1.0,1.0,1,1,1,1.0,0.0,0.0,0,0,0,0.0,0.0,0,1.0,2,38.03,medium,0
U005518,9.0,1.0,2.0,1.0,0,1,0,Angola,Africa,4.0,google_password,none,1,1.0,1.0,1,1,1,1,1,1,1,1,1.0,1.0,1.0,1,1,1,1.0,0.0,0.0,0,0,0,0.0,0.0,0,1.0,2,38.03,medium,0
U000029,14.0,5.0,2.0,1.0,1,1,0,Angola,Africa,4.0,exchange,none,1,5.0,19.0,0,0,0,1,1,1,0,0,1.0,1.0,1.0,1,5,19,0.63,25.25,62.0,0,1,0,0.0,0.0,0,1.0,0,-39.97,low,0
U031156,23.0,1.0,3.0,1.0,0,0,1,Brazil,Americas,4.0,reauth,password,1,1.0,1.0,1,1,1,1,1,1,1,1,1.0,1.0,1.0,1,1,1,1.0,0.0,0.0,0,0,0,0.0,0.0,0,1.0,2,38.03,medium,0
U000021,17.0,2.0,12.0,4.0,0,1,0,Angola,Africa,6.0,exchange,none,1,4.0,6.0,0,0,0,1,1,1,0,0,1.0,1.0,1.0,1,4,8,0.89,29.19,8.0,0,0,0,0.0,0.0,0,1.0,0,-39.97,low,0
U000712,17.0,1.0,5.0,2.0,0,1,0,Angola,Africa,6.0,google_password,password,1,1.0,3.0,0,0,0,1,1,1,0,0,1.0,1.0,1.0,1,1,3,0.1,181.09,111.0,0,0,0,0.0,0.0,0,1.0,0,-39.97,low,0
U028536,16.0,5.0,3.0,1.0,1,1,0,Brazil,Americas,4.0,reauth,none,1,1.0,1.0,1,1,1,1,1,1,1,1,1.0,1.0,1.0,1,1,1,1.0,0.0,0.0,0,1,0,0.0,0.0,0,1.0,2,38.03,medium,0
U000741,8.0,0.0,3.0,1.0,0,1,0,Angola,Africa,4.0,reauth,password,0,1.0,1.0,0,0,0,1,1,1,0,0,1.0,1.0,1.0,1,7,13,0.43,96.58,46.0,0,0,0,0.0,0.0,0,18.0,0,18.54,low,1
U000197,16.0,6.0,7.0,3.0,1,1,0,Angola,Africa,6.0,exchange,none,1,4.0,23.0,0,0,0,2,2,2,0,0,1.0,1.0,1.0,1,6,30,1.0,32.77,195.0,0,1,0,0.0,0.0,0,1.0,0,-39.97,low,0
U000070,9.0,0.0,3.0,1.0,0,1,0,Angola,Africa,4.0,reauth,password,0,1.0,1.0,0,0,0,1,1,1,0,0,1.0,1.0,1.0,5,25,60,2.0,1.23,98.0,0,0,0,0.0,0.0,0,46.0,0,47.38,medium,0
U000070,13.0,4.0,1.0,1.0,0,1,0,Angola,Africa,4.0,google_password,password,0,1.0,1.0,0,0,0,1,1,1,0,0,1.0,1.0,1.0,6,16,85,2.83,0.02,39.0,0,0,0,0.0,0.0,0,60.0,0,61.8,high,0
U000138,7.0,3.0,1.0,1.0,0,0,0,Angola,Africa,4.0,reauth,password,0,1.0,1.0,0,0,0,1,1,1,0,0,1.0,1.0,1.0,3,9,44,1.47,20.48,37.0,0,0,0,0.0,0.0,0,58.0,0,59.74,high,1
U025308,21.0,5.0,3.0,1.0,1,0,0,Brazil,Americas,4.0,google_password,none,1,1.0,1.0,1,1,1,1,1,1,1,1,1.0,1.0,1.0,1,1,1,1.0,0.0,0.0,0,1,0,0.0,0.0,0,1.0,2,38.03,medium,0
U026496,8.0,0.0,4.0,2.0,0,1,0,Brazil,Americas,4.0,reauth,password,1,1.0,1.0,1,1,1,1,1,1,1,1,1.0,1.0,1.0,1,1,1,1.0,0.0,0.0,0,0,0,0.0,0.0,0,1.0,2,38.03,medium,0
U036469,9.0,2.0,5.0,2.0,0,1,0,Brazil,Americas,4.0,reauth,password,1,1.0,1.0,1,1,1,1,1,1,1,1,1.0,1.0,1.0,1,1,1,1.0,0.0,0.0,0,0,0,0.0,0.0,0,1.0,2,38.03,medium,0
U002358,7.0,3.0,5.0,2.0,0,0,0,Angola,Africa,6.0,google_password,two_step_verification,1,1.0,1.0,1,1,1,1,1,1,1,1,1.0,1.0,1.0,1,1,1,1.0,0.0,0.0,0,0,0,0.0,0.0,0,1.0,2,38.03,medium,0
U022032,16.0,4.0,3.0,1.0,0,1,0,Brazil,Americas,4.0,exchange,password,1,1.0,1.0,1,1,1,1,1,1,1,1,1.0,1.0,1.0,1,1,1,1.0,0.0,0.0,0,0,0,0.0,0.0,0,1.0,2,38.03,medium,0
U003250,17.0,4.0,5.0,2.0,0,1,0,Angola,Africa,4.0,google_password,none,1,1.0,1.0,1,1,1,1,1,1,1,1,1.0,1.0,1.0,1,1,1,1.0,0.0,0.0,0,0,0,0.0,0.0,0,1.0,2,38.03,medium,0
U000010,8.0,3.0,1.0,1.0,0,1,0,Angola,Africa,6.0,google_password,password,1,7.0,11.0,0,0,0,1,1,1,0,0,1.0,1.0,1.0,3,8,13,1.0,10.57,12.0,0,0,0,0.0,0.0,0,1.0,0,-39.97,low,0
U031759,5.0,4.0,2.0,1.0,0,0,1,Brazil,Americas,4.0,reauth,password,1,1.0,1.0,1,1,1,1,1,1,1,1,1.0,1.0,1.0,1,1,1,1.0,0.0,0.0,0,0,0,0.0,0.0,0,1.0,2,38.03,medium,0
U017910,3.0,4.0,1.0,1.0,0,0,1,Colombia,Americas,4.0,reauth,password,1,1.0,1.0,1,1,1,1,1,1,1,1,1.0,1.0,1.0,1,1,1,1.0,0.0,0.0,0,0,0,0.0,0.0,0,1.0,2,38.03,medium,1
U000664,6.0,6.0,5.0,2.0,1,0,1,Angola,Africa,4.0,exchange,none,0,3.0,3.0,0,0,0,1,1,1,0,0,1.0,1.0,1.0,3,6,15,0.5,0.0,126.0,0,1,0,0.0,0.0,0,1.0,0,1.03,low,0
U029459,6.0,1.0,6.0,2.0,0,0,1,Brazil,Americas,4.0,exchange,password,1,1.0,1.0,1,1,1,1,1,1,1,1,1.0,1.0,1.0,1,1,1,1.0,0.0,0.0,0,0,0,0.0,0.0,0,1.0,2,38.03,medium,0
U003819,15.0,6.0,2.0,1.0,1,1,0,Angola,Africa,4.0,reauth,password,1,1.0,1.0,1,1,1,1,1,1,1,1,1.0,1.0,1.0,1,1,1,1.0,0.0,0.0,0,1,0,0.0,0.0,0,1.0,2,38.03,medium,0
U000010,7.0,1.0,12.0,4.0,0,0,0,Angola,Africa,4.0,exchange,none,0,3.0,3.0,0,0,0,1,1,1,0,0,1.0,1.0,1.0,1,4,4,1.0,24.93,3.0,0,0,0,0.0,0.0,0,1.0,0,1.03,low,0
U000068,12.0,1.0,12.0,4.0,0,1,0,Angola,Africa,4.0,reauth,password,0,2.0,2.0,0,0,0,1,1,1,0,0,1.0,1.0,1.0,19,32,63,7.0,0.0,8.0,0,0,0,0.0,0.0,0,42.0,0,43.26,medium,0
U000159,7.0,2.0,2.0,1.0,0,0,0,Angola,Africa,4.0,reauth,password,0,1.0,2.0,0,0,0,1,1,1,0,0,1.0,1.0,1.0,3,14,53,1.77,19.31,50.0,0,0,0,0.0,0.0,0,65.0,0,66.95,high,0
U000641,12.0,3.0,2.0,1.0,0,1,0,Angola,Africa,4.0,reauth,password,0,1.0,1.0,0,0,0,1,1,1,0,0,1.0,1.0,1.0,7,8,18,0.75,0.27,23.0,0,0,0,0.0,0.0,0,58.0,0,59.74,high,1
U000659,17.0,1.0,6.0,2.0,0,1,0,Angola,Africa,4.0,google_password,password,0,1.0,1.0,0,0,0,1,1,2,0,0,1.0,1.0,1.0,2,2,2,0.07,0.02,70.0,0,0,0,0.0,0.0,0,1.0,0,1.03,low,0
U000585,7.0,0.0,1.0,1.0,0,0,0,Angola,Africa,6.0,google_password,password,1,2.0,3.0,0,0,0,1,1,1,0,0,1.0,1.0,1.0,1,8,10,0.59,87.67,16.0,0,0,0,0.0,0.0,0,1.0,0,-39.97,low,0
U000130,8.0,3.0,3.0,1.0,0,1,0,Angola,Africa,4.0,reauth,password,0,1.0,1.0,0,0,0,1,1,1,0,0,1.0,1.0,1.0,1,1,15,0.5,237.84,73.0,0,0,0,0.0,0.0,0,42.0,0,43.26,medium,0
U000689,8.0,0.0,2.0,1.0,0,1,0,Angola,Africa,4.0,reauth,password,1,1.0,1.0,1,1,1,1,1,1,1,1,1.0,1.0,1.0,1,1,1,1.0,0.0,0.0,0,0,0,0.0,0.0,0,23.0,2,60.69,high,1
U000163,8.0,3.0,5.0,2.0,0,1,0,Angola,Africa,4.0,reauth,password,0,1.0,1.0,0,0,0,1,1,1,0,0,1.0,1.0,1.0,3,18,34,1.13,2.0,149.0,0,0,0,0.0,0.0,0,58.0,0,59.74,high,0
U000115,9.0,0.0,4.0,2.0,0,1,0,Angola,Africa,6.0,google_password,password,1,6.0,17.0,0,0,0,1,1,1,0,0,1.0,1.0,1.0,1,13,33,1.1,41.68,112.0,0,0,0,0.0,0.0,0,1.0,0,-39.97,low,0
U035340,12.0,1.0,6.0,2.0,0,1,0,Brazil,Americas,6.0,reauth,password,1,1.0,1.0,1,1,1,1,1,1,1,1,1.0,1.0,1.0,1,1,1,1.0,0.0,0.0,0,0,0,0.0,0.0,0,1.0,2,38.03,medium,0
U000134,16.0,2.0,1.0,1.0,0,1,0,Angola,Africa,4.0,reauth,password,0,1.0,2.0,0,0,0,1,1,1,0,0,1.0,1.0,1.0,2,17,52,1.73,0.27,39.0,0,0,0,0.0,0.0,0,60.0,0,61.8,high,0
U000045,9.0,1.0,1.0,1.0,0,1,0,Angola,Africa,6.0,google_password,password,1,3.0,6.0,0,0,0,1,1,1,0,0,1.0,1.0,1.0,3,11,32,1.07,17.73,31.0,0,0,0,0.0,0.0,0,1.0,0,-39.97,low,0
U006906,12.0,6.0,1.0,1.0,1,1,0,Brazil,South America,4.0,federated_login,two_step_verification,1,1.0,1.0,1,1,1,1,1,1,1,1,1.0,1.0,1.0,1,1,1,1.0,0.0,0.0,0,1,0,0.0,0.0,0,1.0,2,38.03,medium,1
U000170,21.0,3.0,5.0,2.0,0,0,0,Brazil,America,4.0,google_password,password,0,1.0,4.0,0,0,0,1,1,3,0,0,1.0,1.0,2.0,1,1,5,0.17,222.81,135.0,0,0,0,4797.21,21.53,0,1.0,0,1.03,low,0
U000797,15.0,6.0,8.0,3.0,1,1,0,Angola,Africa,4.0,exchange,none,1,5.0,19.0,0,0,0,1,1,1,0,0,1.0,1.0,1.0,1,5,21,0.7,34.47,151.0,0,1,0,0.0,0.0,0,1.0,0,-39.97,low,0
U000068,9.0,4.0,3.0,1.0,0,1,0,Angola,Africa,4.0,reauth,password,0,1.0,2.0,0,0,0,1,1,1,0,0,1.0,1.0,1.0,33,136,638,21.27,0.0,95.0,0,0,0,0.0,0.0,0,49.0,0,50.47,medium,0
U000136,7.0,1.0,6.0,2.0,0,0,0,Angola,Africa,4.0,exchange,none,0,1.0,8.0,0,0,0,1,1,3,0,0,1.0,1.0,1.0,1,10,51,1.7,140.66,169.0,0,0,0,0.0,0.0,0,13.0,0,13.39,low,0
U018668,14.0,3.0,1.0,1.0,0,1,0,Brazil,Americas,4.0,reauth,device_prompt,1,1.0,1.0,1,1,1,1,1,1,1,1,1.0,1.0,1.0,1,1,1,1.0,0.0,0.0,0,0,0,0.0,0.0,0,1.0,2,38.03,medium,0
U000606,19.0,5.0,4.0,2.0,1,0,0,Angola,Africa,6.0,google_password,password,1,4.0,4.0,0,0,0,1,1,1,0,0,1.0,1.0,1.0,1,4,4,1.33,25.17,2.0,0,1,0,0.0,0.0,0,1.0,0,-39.97,low,0
U000431,7.0,1.0,3.0,1.0,0,0,0,Angola,Africa,4.0,exchange,none,1,4.0,11.0,0,0,0,1,1,2,0,0,1.0,1.0,1.0,1,4,12,0.4,33.05,69.0,0,0,0,0.0,0.0,0,1.0,0,-39.97,low,0
U000177,9.0,4.0,5.0,2.0,0,1,0,Angola,Africa,4.0,reauth,password,0,2.0,2.0,0,0,0,1,1,2,0,0,1.0,1.0,2.0,1,10,19,0.63,29.82,145.0,0,0,0,6763.24,226.8,0,51.0,0,52.53,medium,0
U019416,19.0,3.0,4.0,2.0,0,0,0,Argentina,Americas,4.0,exchange,password,1,1.0,1.0,1,1,1,1,1,1,1,1,1.0,1.0,1.0,1,1,1,1.0,0.0,0.0,0,0,0,0.0,0.0,0,1.0,2,38.03,medium,1
U000664,14.0,5.0,5.0,2.0,1,1,0,Angola,Africa,4.0,exchange,none,0,2.0,5.0,0,0,0,1,1,1,0,0,1.0,1.0,1.0,2,3,18,0.6,0.0,139.0,0,1,0,0.0,0.0,0,1.0,0,1.03,low,0
U027632,13.0,2.0,4.0,2.0,0,1,0,Brazil,Americas,4.0,exchange,password,1,1.0,1.0,1,1,1,1,1,1,1,1,1.0,1.0,1.0,1,1,1,1.0,0.0,0.0,0,0,0,0.0,0.0,0,1.0,2,38.03,medium,0
U023879,9.0,5.0,5.0,2.0,1,1,0,Brazil,Americas,4.0,reauth,password,1,1.0,1.0,1,1,1,1,1,1,1,1,1.0,1.0,1.0,1,1,1,1.0,0.0,0.0,0,1,0,0.0,0.0,0,1.0,2,38.03,medium,0
U033694,14.0,5.0,1.0,1.0,1,1,0,Brazil,Americas,4.0,exchange,password,1,1.0,1.0,1,1,1,1,1,1,1,1,1.0,1.0,1.0,1,1,1,1.0,0.0,0.0,0,1,0,0.0,0.0,0,1.0,2,38.03,medium,0
U000293,7.0,1.0,3.0,1.0,0,0,0,Angola,Africa,4.0,reauth,password,0,5.0,18.0,0,0,0,1,1,2,0,0,1.0,1.0,2.0,4,20,71,2.37,21.14,97.0,0,0,0,0.0,0.0,0,68.0,0,70.04,high,0
U004801,15.0,5.0,1.0,1.0,1,1,0,Angola,Africa,4.0,session_refresh,none,1,1.0,1.0,1,1,1,1,1,1,1,1,1.0,1.0,1.0,1,1,1,1.0,0.0,0.0,0,1,0,0.0,0.0,0,1.0,2,38.03,medium,0
U017451,9.0,3.0,1.0,1.0,0,1,0,Brazil,Americas,4.0,exchange,password,1,1.0,1.0,1,1,1,1,1,1,1,1,1.0,1.0,1.0,1,1,1,1.0,0.0,0.0,0,0,0,0.0,0.0,0,1.0,2,38.03,medium,0
U000320,14.0,0.0,3.0,1.0,0,1,0,Angola,Africa,4.0,reauth,password,0,1.0,3.0,0,0,0,1,1,1,0,0,1.0,1.0,1.0,4,4,10,0.33,1.31,98.0,0,0,0,0.0,0.0,0,66.0,0,67.98,high,0
U000739,7.0,2.0,3.0,1.0,0,0,0,Angola,Africa,4.0,reauth,password,0,1.0,1.0,0,0,0,1,1,1,0,0,1.0,1.0,1.0,1,9,24,0.8,24.61,48.0,0,0,0,0.0,0.0,0,41.0,0,42.23,medium,1
U023678,6.0,6.0,2.0,1.0,1,0,1,Brazil,Americas,4.0,google_password,password,1,1.0,1.0,1,1,1,1,1,1,1,1,1.0,1.0,1.0,1,1,1,1.0,0.0,0.0,0,1,0,0.0,0.0,0,1.0,2,38.03,medium,0
U000146,13.0,1.0,5.0,2.0,0,1,0,Angola,Africa,4.0,google_password,password,0,2.0,4.0,0,0,0,1,1,1,0,0,1.0,1.0,1.0,1,3,24,0.8,24.89,134.0,0,0,0,0.0,0.0,0,18.0,0,18.54,low,0
U000549,12.0,4.0,4.0,2.0,0,1,0,Angola,Africa,4.0,reauth,password,0,1.0,3.0,0,0,0,1,1,2,0,0,1.0,1.0,2.0,1,5,43,1.43,25.09,94.0,0,0,0,0.0,0.0,0,62.0,0,63.86,high,0
U000639,15.0,1.0,4.0,2.0,0,1,0,Angola,Africa,6.0,reauth,none,1,2.0,4.0,0,0,0,1,1,1,0,0,1.0,1.0,1.0,1,2,4,0.13,100.61,80.0,0,0,0,0.0,0.0,0,1.0,0,-39.97,low,0
U000146,12.0,1.0,4.0,2.0,0,1,0,Angola,Africa,4.0,google_password,password,0,3.0,4.0,0,0,0,1,1,1,0,0,1.0,1.0,1.0,5,12,25,0.83,2.42,120.0,0,0,0,0.0,0.0,0,66.0,0,67.98,high,0
U000425,9.0,2.0,2.0,1.0,0,1,0,Angola,Africa,4.0,reauth,password,0,1.0,5.0,0,0,0,1,1,1,0,0,1.0,1.0,1.0,5,16,46,1.53,2.34,36.0,0,0,0,0.0,0.0,0,66.0,0,67.98,high,0
U005193,8.0,0.0,6.0,2.0,0,1,0,South Africa,Africa,4.0,google_password,password,1,1.0,1.0,1,1,1,1,1,1,1,1,1.0,1.0,1.0,1,1,1,1.0,0.0,0.0,0,0,0,0.0,0.0,0,1.0,2,38.03,medium,0
U000622,15.0,4.0,4.0,2.0,0,1,0,Angola,Africa,4.0,reauth,password,0,2.0,2.0,0,0,0,1,1,1,0,0,1.0,1.0,1.0,3,6,6,1.5,0.79,3.0,0,0,0,0.0,0.0,0,60.0,0,61.8,high,0
U018558,1.0,3.0,2.0,1.0,0,0,1,Brazil,Americas,4.0,exchange,password,1,1.0,1.0,1,1,1,1,1,1,1,1,1.0,1.0,1.0,1,1,1,1.0,0.0,0.0,0,0,0,0.0,0.0,0,1.0,2,38.03,medium,0
U025837,10.0,6.0,3.0,1.0,1,1,0,Brazil,Americas,4.0,google_password,password,1,1.0,1.0,1,1,1,1,1,1,1,1,1.0,1.0,1.0,1,1,1,1.0,0.0,0.0,0,1,0,0.0,0.0,0,1.0,2,38.03,medium,0
U019782,13.0,4.0,1.0,1.0,0,1,0,Brazil,Americas,4.0,exchange,password,1,1.0,1.0,1,1,1,1,1,1,1,1,1.0,1.0,1.0,1,1,1,1.0,0.0,0.0,0,0,0,0.0,0.0,0,1.0,2,38.03,medium,0
U000527,18.0,6.0,6.0,2.0,1,1,0,Angola,Africa,6.0,reauth,none,0,1.0,4.0,0,0,0,1,1,1,0,0,1.0,1.0,1.0,2,2,5,0.17,0.04,158.0,0,1,0,0.0,0.0,0,1.0,0,1.03,low,0
U000068,10.0,4.0,1.0,1.0,0,1,0,Angola,Africa,4.0,reauth,password,0,1.0,2.0,0,0,0,1,1,1,0,0,1.0,1.0,1.0,26,127,196,10.32,0.0,18.0,0,0,0,0.0,0.0,0,51.0,0,52.53,medium,0
U000338,21.0,3.0,5.0,2.0,0,0,0,Angola,Africa,4.0,google_password,password,1,1.0,4.0,0,0,0,1,1,4,0,0,1.0,1.0,2.0,1,1,4,0.13,485.2,150.0,1,0,0,0.0,0.0,0,1.0,0,-9.97,low,0
U005733,10.0,4.0,4.0,2.0,0,1,0,Angola,Africa,4.0,google_password,password,1,1.0,1.0,1,1,1,1,1,1,1,1,1.0,1.0,1.0,1,1,1,1.0,0.0,0.0,0,0,0,0.0,0.0,0,1.0,2,38.03,medium,0
U000784,10.0,3.0,3.0,1.0,0,1,0,Angola,Africa,4.0,reauth,password,0,2.0,6.0,0,0,0,1,1,2,0,0,1.0,1.0,2.0,1,6,39,1.3,47.66,51.0,0,0,0,0.0,0.0,0,48.0,0,49.44,medium,0
U000014,14.0,3.0,1.0,1.0,0,1,0,Angola,Africa,4.0,reauth,none,0,1.0,3.0,0,0,0,1,1,1,0,0,1.0,1.0,1.0,1,1,5,0.24,293.17,20.0,0,0,0,0.0,0.0,0,64.0,0,65.92,high,0
U000662,3.0,6.0,5.0,2.0,1,0,1,Angola,Africa,4.0,exchange,none,1,6.0,20.0,0,0,0,1,1,1,0,0,1.0,1.0,1.0,1,7,22,0.73,37.27,83.0,0,1,0,0.0,0.0,0,1.0,0,-39.97,low,0
U011309,15.0,3.0,6.0,2.0,0,1,0,Angola,Africa,4.0,google_password,password,1,1.0,1.0,1,1,1,1,1,1,1,1,1.0,1.0,1.0,1,1,1,1.0,0.0,0.0,0,0,0,0.0,0.0,0,1.0,2,38.03,medium,0
U000015,9.0,6.0,2.0,1.0,1,1,0,Angola,Africa,4.0,exchange,none,1,6.0,22.0,0,0,0,1,1,2,0,0,1.0,1.0,1.0,1,6,22,0.73,27.43,57.0,0,1,0,0.0,0.0,0,1.0,0,-39.97,low,0
U020170,19.0,5.0,4.0,2.0,1,0,0,Brazil,Americas,4.0,google_password,password,1,1.0,1.0,1,1,1,1,1,1,1,1,1.0,1.0,1.0,1,1,1,1.0,0.0,0.0,0,1,0,0.0,0.0,0,1.0,2,38.03,medium,0
U000194,10.0,3.0,4.0,2.0,0,1,0,Portugal,Europe,4.0,google_password,password,1,1.0,2.0,1,1,1,2,2,2,1,1,2.0,2.0,2.0,1,1,2,0.07,408.64,121.0,0,0,0,13164.42,32.22,1,1.0,2,10.03,low,0
U030171,11.0,2.0,2.0,1.0,0,1,0,Brazil,Americas,4.0,google_password,password,1,1.0,1.0,1,1,1,1,1,1,1,1,1.0,1.0,1.0,1,1,1,1.0,0.0,0.0,0,0,0,0.0,0.0,0,1.0,2,38.03,medium,0
U006641,9.0,6.0,5.0,2.0,1,1,0,Angola,Africa,4.0,google_password,two_step_verification,1,1.0,1.0,1,1,1,1,1,1,1,1,1.0,1.0,1.0,1,1,1,1.0,0.0,0.0,0,1,0,0.0,0.0,0,1.0,2,38.03,medium,0
U000241,19.0,5.0,2.0,1.0,1,0,0,Angola,Africa,4.0,exchange,none,1,5.0,10.0,0,0,0,1,1,2,0,0,1.0,1.0,1.0,1,8,13,0.43,57.25,49.0,0,1,0,0.0,0.0,0,1.0,0,-39.97,low,0
U021459,13.0,5.0,6.0,2.0,1,1,0,Brazil,Americas,4.0,reauth,none,1,1.0,1.0,1,1,1,1,1,1,1,1,1.0,1.0,1.0,1,1,1,1.0,0.0,0.0,0,1,0,0.0,0.0,0,1.0,2,38.03,medium,0
U000006,11.0,0.0,8.0,3.0,0,1,0,Angola,Africa,4.0,reauth,none,0,3.0,10.0,0,0,0,4,4,5,0,0,1.0,1.0,2.0,1,3,13,0.43,42.67,232.0,0,0,0,0.0,0.0,0,1.0,0,1.03,low,0
U027506,13.0,4.0,2.0,1.0,0,1,0,Brazil,Americas,4.0,google_password,password,1,1.0,1.0,1,1,1,1,1,1,1,1,1.0,1.0,1.0,1,1,1,1.0,0.0,0.0,0,0,0,0.0,0.0,0,1.0,2,38.03,medium,0
U000225,9.0,0.0,1.0,1.0,0,1,0,Angola,Africa,4.0,google_password,password,0,1.0,3.0,0,0,0,1,1,2,0,0,1.0,1.0,1.0,2,3,13,0.43,0.24,30.0,0,0,0,0.0,0.0,0,49.0,0,50.47,medium,0
U000135,0.0,2.0,6.0,2.0,0,0,1,Brazil,America,6.0,google_password,password,1,5.0,12.0,0,0,0,2,2,3,0,0,2.0,2.0,3.0,1,5,12,0.4,55.93,185.0,1,0,0,0.0,0.0,1,1.0,0,-37.97,low,0
U002499,6.0,3.0,2.0,1.0,0,0,1,Angola,Africa,4.0,session_refresh,two_step_verification,1,1.0,1.0,1,1,1,1,1,1,1,1,1.0,1.0,1.0,1,1,1,1.0,0.0,0.0,0,0,0,0.0,0.0,0,1.0,2,38.03,medium,0
U001147,7.0,3.0,2.0,1.0,0,0,0,Angola,Africa,4.0,reauth,password,0,1.0,1.0,0,0,0,1,1,1,0,0,1.0,1.0,1.0,1,1,5,0.21,190.73,23.0,1,0,0,0.0,0.0,0,58.0,0,89.74,high,1
U020078,18.0,2.0,2.0,1.0,0,1,0,Brazil,Americas,4.0,exchange,password,1,1.0,1.0,1,1,1,1,1,1,1,1,1.0,1.0,1.0,1,1,1,1.0,0.0,0.0,0,0,0,0.0,0.0,0,1.0,2,38.03,medium,0
U001540,10.0,6.0,5.0,2.0,1,1,0,Angola,Africa,4.0,google_password,password,1,1.0,1.0,1,1,1,1,1,1,1,1,1.0,1.0,1.0,1,1,1,1.0,0.0,0.0,0,1,0,0.0,0.0,0,1.0,2,38.03,medium,0
U019291,17.0,5.0,2.0,1.0,1,1,0,Brazil,Americas,4.0,reauth,password,1,1.0,1.0,1,1,1,1,1,1,1,1,1.0,1.0,1.0,1,1,1,1.0,0.0,0.0,0,1,0,0.0,0.0,0,1.0,2,38.03,medium,0
U007355,17.0,5.0,3.0,1.0,1,1,0,Angola,Africa,4.0,reauth,authenticator_app,1,1.0,1.0,1,1,1,1,1,1,1,1,1.0,1.0,1.0,1,1,1,1.0,0.0,0.0,0,1,0,0.0,0.0,0,1.0,2,38.03,medium,0
U029999,15.0,0.0,5.0,2.0,0,1,0,Brazil,Americas,4.0,exchange,none,1,1.0,1.0,1,1,1,1,1,1,1,1,1.0,1.0,1.0,1,1,1,1.0,0.0,0.0,0,0,0,0.0,0.0,0,1.0,2,38.03,medium,0
U000310,21.0,4.0,7.0,3.0,0,0,0,Angola,Africa,4.0,exchange,none,1,4.0,10.0,0,0,0,1,1,2,0,0,1.0,1.0,2.0,1,5,11,0.37,25.67,200.0,0,0,0,0.0,0.0,0,1.0,0,-39.97,low,0
U000333,7.0,4.0,2.0,1.0,0,0,0,Angola,Africa,4.0,reauth,password,0,1.0,1.0,0,0,0,1,1,1,0,0,1.0,1.0,1.0,3,8,60,2.0,23.87,66.0,0,0,0,0.0,0.0,0,26.0,0,26.78,low,1
U015099,15.0,6.0,2.0,1.0,1,1,0,Brazil,Americas,4.0,google_password,password,1,1.0,1.0,1,1,1,1,1,1,1,1,1.0,1.0,1.0,1,1,1,1.0,0.0,0.0,0,1,0,0.0,0.0,0,1.0,2,38.03,medium,0
U013230,10.0,2.0,4.0,2.0,0,1,0,Brazil,Americas,4.0,reauth,password,1,1.0,1.0,1,1,1,1,1,1,1,1,1.0,1.0,1.0,1,1,1,1.0,0.0,0.0,0,0,0,0.0,0.0,0,1.0,2,38.03,medium,0
U017302,20.0,0.0,6.0,2.0,0,0,0,Brazil,Americas,4.0,reauth,none,1,1.0,1.0,1,1,1,1,1,1,1,1,1.0,1.0,1.0,1,1,1,1.0,0.0,0.0,0,0,0,0.0,0.0,0,1.0,2,38.03,medium,0
U000048,9.0,3.0,3.0,1.0,0,1,0,Angola,Africa,4.0,reauth,password,0,1.0,1.0,0,0,0,1,1,1,0,0,1.0,1.0,1.0,1,1,11,0.37,239.11,89.0,0,0,0,0.0,0.0,0,38.0,0,39.14,medium,0
U013929,9.0,3.0,5.0,2.0,0,1,0,Brazil,Americas,4.0,google_password,password,1,1.0,1.0,1,1,1,1,1,1,1,1,1.0,1.0,1.0,1,1,1,1.0,0.0,0.0,0,0,0,0.0,0.0,0,1.0,2,38.03,medium,0
U000070,7.0,2.0,3.0,1.0,0,0,0,Angola,Africa,4.0,reauth,password,0,1.0,1.0,0,0,0,1,1,1,0,0,1.0,1.0,1.0,9,16,56,1.87,14.9,93.0,0,0,0,0.0,0.0,0,61.0,0,62.83,high,0
U025153,13.0,5.0,1.0,1.0,1,1,0,Brazil,Americas,4.0,google_password,password,1,1.0,1.0,1,1,1,1,1,1,1,1,1.0,1.0,1.0,1,1,1,1.0,0.0,0.0,0,1,0,0.0,0.0,0,1.0,2,38.03,medium,0
U002650,15.0,6.0,6.0,2.0,1,1,0,Angola,Africa,4.0,google_password,authenticator_app,1,1.0,1.0,1,1,1,1,1,1,1,1,1.0,1.0,1.0,1,1,1,1.0,0.0,0.0,0,1,0,0.0,0.0,0,1.0,2,38.03,medium,1
U031693,8.0,2.0,6.0,2.0,0,1,0,Colombia,Americas,4.0,reauth,password|device_prompt,1,1.0,1.0,1,1,1,1,1,1,1,1,1.0,1.0,1.0,1,1,1,1.0,0.0,0.0,0,0,0,0.0,0.0,0,1.0,2,38.03,medium,1
U001131,19.0,6.0,7.0,3.0,1,0,0,Angola,Africa,4.0,google_password,device_prompt,1,1.0,2.0,0,0,0,1,1,1,0,0,1.0,1.0,1.0,1,1,2,0.07,288.99,142.0,0,1,0,2.52,0.01,0,1.0,0,-39.97,low,0
U011508,20.0,3.0,1.0,1.0,0,0,0,Angola,Africa,6.0,reauth,none,0,1.0,1.0,0,0,0,1,1,1,0,0,1.0,1.0,1.0,2,2,2,2.0,0.0,0.0,0,0,0,0.0,0.0,0,1.0,0,1.03,low,0
